"","X","X1992","X1993","X1994","X1995","X1996","X1997","X1998","X1999","X2000","X2001","X2002","X2003","X2004","X2005","X2006","X2007","X2008","X2009","X2010","X2011","X2012","X2013","X2014"
"1","2,4-D",15290240.6,14914490.1,15898292.4,17720397.6,16731147.4,17547866.6,16156302.7,13679997.4,13785137.1,15806447.1,15658442.2,16978377,14784409.9,12903178.3,14167801.9,14954687.3,14193223.2,14930238.2,14817796.7,16141378.6,18591894.1,19011073.9,18311112.7
"2","2,4-DB",480246.2,648524,657969.3,621614.3,644222.7,454282.4,420437.3,708477.2,399220,375792.6,704864.1,337413,556116.6,757717.3,473576.6,366813.3,380071.4,440122.2,305448.1,1105972.4,400330.2,274319.7,345557.1
"3","6-Benzyladenine",651.2,1015.7,1124.1,2122.4,4203,1629.1,936.2,1510.3,905.8,1055.4,826.6,856.8,1096.4,1016.3,1252.3,1608.8,1609.9,1365.4,2141.4,1692.8,3087.7,2472.4,2996.5
"4","Abamectin",3748.3,4318.6,5856.4,7096.6,7887.7,7538,8405.3,6677.2,6979.8,2500.2,5658.8,6066.4,6652.8,6776.8,23413.2,20659.8,17501.8,20110.1,37216.4,50456,57815.6,65980.1,58882.2
"5","Acephate",999810.4,1198686.3,1742194.9,1653442,1231068.5,1030387.3,996988.6,1051447,1027560.3,1243333.7,1177792.6,1120906.5,1769198.7,1709073.5,2330358.8,1918760.2,1756681.8,1693527.5,1876787.7,2164686.9,2398543.8,1310041.9,2049626.4
"6","Acetochlor",0,0,4650811.4,12101099.7,15165856.7,15903681.4,16016086.9,14896499.8,16073749.2,16206767,14950398.3,16042998,17411369.2,14008736.7,12378091.9,15193948.3,14924685.7,13917743.4,15667955.8,17991075,17205899.5,19504938,20189706.9
"7","Acibenzolar",0,0,0,0,0,0,0,0,99.3,285.6,1027.9,781.6,1034.9,1520.4,878.6,717.1,763.7,1057,1080.7,1078.6,1065.2,1656.8,2225.9
"8","Acifluorfen",663748.9,630796.7,931911.7,739998.6,943198.7,822052.9,468312,300982.7,288392.6,323050.7,206936.9,190273.2,187239.3,179110,136747.2,85805.5,83637.7,174853.8,108356.6,149076.2,142664.9,384353.2,553893
"9","Alachlor",25971056.3,22387355.7,24717716.5,13033168.6,10729704.5,8611526.9,7469308.6,6478265.7,5303034.5,6208121.6,5439852.9,5396166.3,3570027.8,3321127.7,4020267.9,2414180.1,2351125.8,3217440.8,2993134.3,2109875.7,3194048,1370249.3,1955412.1
"10","Aldicarb",1457714.3,1640910.3,1608926.5,2108089.6,2514150.8,2439154.2,1979446.3,2628183.8,2099345.7,1747334.4,1934086.7,2073698.9,2325357.9,2086239.7,2027498.3,1993922.4,1791640.4,1949235.9,2002200.1,847336.9,212631.4,38828.4,57
"11","Ametryn",312627.5,191399.2,348733.6,219548,327852,199686.8,220865.8,205320.4,121583.8,236881,199149.2,148671.5,143065.6,273486.9,136300.4,193482.9,50845,62575.6,160262.9,74449.7,26407.1,28390.8,13193.1
"12","Aminopyralid",0,0,0,0,0,0,0,0,0,0,0,0,0,0,13417.8,18126.6,113190,140447.1,106418.6,154512.2,81098.2,126914.6,144487.7
"13","Amitraz",54013.4,89459.2,282369.7,226694.9,82598.4,48360.4,13361.8,8887.2,56951.6,1878.2,24417,992.3,0,8.2,0,0,0,3.1,0,0,0,0,0
"14","Amitrole",2294.8,3382.3,15563,419.8,358,254.8,0,0,0,0.2,0,0,0,0,0.5,0,0.5,0,0,0,0,0,0
"15","Atrazine",38321067.6,33035614,36658958.1,32702724.6,38186484.8,36062490.3,36557865.6,34994394.2,36679988.8,36565327.8,35971833.8,36651146,35317794.5,33020300.2,30403006.3,35261550.6,30818778.7,30389468.9,29347850,30564328.2,32010694,34454931.6,32140586.2
"16","Azadirachtin",0,1.6,201.5,1233.8,695.5,448,295.2,505,668.1,1350.3,961.8,628.1,2216.6,2522.6,1742.8,1604.7,2012.3,1281.3,1102.2,2237.8,2797,3695,3075.5
"17","Azinphos-Methyl",1626489.8,1337540.1,1685473.2,1173808,1045454.4,1115410.6,919640,1050556.4,844574,799507.5,654916.6,708214.2,498346.8,431164.9,448234.7,336655.3,291539.8,202216.6,147783.7,107406.5,57051.6,37594.8,6946
"18","Azoxystrobin",0,0,0,0,0,42938.1,143795.1,195494.2,220418.9,277635.4,269536,407413.7,365012.3,525884.2,413342.5,511960.4,774320.9,662549.8,750761.8,865956.1,1001498.1,1090009.2,998863.4
"19","Bacillus Cereus",0,0,0,0,0,0,212.7,147.6,151.7,135.3,156.1,151.5,122.9,152.8,135.9,100.5,94.8,161.2,108.4,98.1,182.2,111.2,107
"20","Bacillus Firmus",0,0,0,0,0,0,0,0,0,0,0,0,0,0,0,0,0,0,339,22186.8,82528.1,105651.2,152462.8
"21","Bacillus Subtilis",0,0,0,0,0,0,0,0,399.8,4471,12610.5,15469,29005.6,12046.6,21352.9,21375.3,79507.2,52954.6,54368.6,32584.2,45940.6,33088.4,28465
"22","Bacillus Thuringiensis",132494.8,114840.2,155319,313392.7,245438.9,254281,359863.2,200906.4,141879.5,112958.5,101317.1,131342.7,145338,159816.2,126058.1,216301.2,162321,140060.9,148557.5,142363.4,146160.3,155962.9,221796.1
"23","Barium Polysulfide",4798.9,21367.5,57936.1,6439.2,384865.4,35382.6,6800.1,0,0,0,0,0,0,0,0,0,0,0,0,0,0,0,0
"24","Benfluralin",307799.2,250864.3,209241.8,211462.4,200072.9,70235.2,75427.8,121209.4,73313.8,117142.2,205333.4,47555,31602.2,49067.8,37218.1,40688.9,137253.2,8785.4,20640.1,47071.7,50477.6,88601.1,17994.1
"25","Benomyl",486230.3,616775.3,595269.1,516337.4,575420,574311.2,405732.5,389042.1,315232.5,213750.3,106038.6,43670.1,27116.6,69542.1,9476.3,5202.1,2021.6,1095.4,133.4,3854.3,285.8,1.3,1.3
"26","Bensulide",237757.8,321977.9,520341,429039.3,235059.9,313622.6,329021.1,345146.5,398570.2,350404.2,333053.1,333713.8,302661.5,329977.5,398286.9,319449.2,293376,247926.8,217825.8,266732.4,216925.3,221603.1,283458.4
"27","Bentazone",3426961.6,3018023,3371130.4,3069130.8,3128415.4,3375833.9,2124169.5,1743784.2,1422406.1,1373517.6,1020492.8,781293.8,880699.8,962119.6,951595.7,690179.9,784748.4,899016.8,745445.6,615959.5,635687.5,849752.6,979582
"28","Bifenazate",0,0,0,0,0,0,0,0,1,45.1,17318.1,33777.2,37136.5,43801.4,40527.3,46399.6,62142.7,77667.9,103916.7,59798.5,76169,90633.7,94289.1
"29","Bifenthrin",61278.4,52352.7,60276.1,89271,47353.7,61560.1,53068.8,46084.6,89802.7,93313.8,160170.2,162409.2,165231.4,123751.8,100105.1,171132.4,219917.2,335456.1,412378.6,402783.5,707559.6,732683.5,660039.9
"30","Boscalid",0,0,0,0,0,0,0,0,0,0,0,26.9,77827.2,137227.2,195555.7,179152.6,237065.2,172242.3,229501.9,254281.1,271793,315955.6,294756.8
"31","Bromacil",702573.9,842848.5,593268.4,759853.7,516815.7,484904.3,645519.4,457346.2,450294.1,298850.8,287876,245182.9,184104,192322.2,209222.5,105297.6,121830.6,130821.7,179287.1,85906.1,83302.4,50332.6,64068.7
"32","Bromoxynil",1590224.8,1307378.3,1590005,1579138.7,1840265.7,2199534.9,1648671.7,1543200.7,1422457,1413815.3,1355734.5,1532168.5,1243890.9,1353877.7,1052941.5,1363172.8,1379381.3,1174594.5,1315062.9,965974.7,1081435.2,1330853.3,1658963.1
"33","Buprofezin",0,0,0,0,12106.5,10794.1,7142.2,14040.2,2145.9,3640.2,15743.1,18931.2,23061.7,18910.4,45208,56760.6,41041.6,45205,58306.2,58166,60396.5,80289.6,106718.9
"34","Butralin",0,0,0,0,0,72190.4,11171.9,14419.6,17024.5,16098.5,22904.7,14426.7,15308.6,7331.1,11585.3,13621,21581.8,22591,37834.5,16113.6,28307.6,27650.2,17662.7
"35","Butylate",5470443.6,3799094.9,3447460.8,3986741.8,2473133.5,1635809.2,2657176.8,735833.7,1323071,499367,64328.3,319619.1,21130.6,1370369.8,39532.1,228697.7,12.2,71341.6,135.6,0,0,39.8,23.9
"36","Calcium Polysulfide",329637.3,556298.8,397746.6,392117.2,512691.9,519739.2,1320075.1,1263765.6,606847.4,815036.7,836565.2,916890.7,978950.4,740019.1,1162421.3,1181061.4,802541.1,973358.6,932773.2,1029631.1,1458099,1383649.5,1097696.8
"37","Captan",2960387.1,1923314.6,2365680.2,2416481.6,2508166.3,2450938.4,2095686.7,1750274.8,1663696,1278452.8,1342531.3,1478666.5,1662786.8,1661601,1429193.3,1274743.9,1361714.6,1612842.8,1413962.2,1682324,1302831,1869463.7,1773759.7
"38","Carbaryl",2403139,2325551.6,2763616.2,3326834.8,2942721.3,2817079.2,1359297.5,1690737.9,1319381.1,1546824.3,1463410.5,1258827.6,918215.5,1391295.4,924263.4,830861.6,843710.2,1207837.3,794225.3,609735.1,882151.7,579638.1,731813.3
"39","Carbofuran",2967092.2,1993554.2,2623194.1,2862134.4,2044987.1,1876963.4,2049039.2,1908565.9,1379248.3,1320594.2,1078083.3,1479264.4,1105621.2,860618,1025036.3,996903.1,508361.9,953563.3,111377.8,0.6,0,0,0
"40","Carboxin",17,94.9,3731.2,6715.4,187.9,2976.7,192.5,61.3,117.5,115.1,42.9,35.2,6.3,2.8,5685.7,9639.7,27202,65040.7,86238.2,100804.7,41302.4,36463.3,32809.2
"41","Carfentrazone-Ethyl",0,0,0,0,0,0,1394,3391.3,17928.3,34665.6,32852,35146.5,35130.2,35490.9,52889.5,33215.2,37219.8,40792,42396.1,41791.8,47949.1,46047.1,52919.4
"42","Chlorantraniliprole",0,0,0,0,0,0,0,0,0,0,0,0,0,0,0,0,11422.3,23604.4,40747.9,69937.9,61834.8,108207.6,155550.3
"43","Chlordimeform",0,12.4,0,0,396.6,0,0,0,0,0,0,0,0,0,0,0,0,0,0,0,0,0,0
"44","Chlorethoxyfos",13632.7,9595.3,0,0,126858.1,171232.5,163915.7,105223.5,83237.5,45219.6,46131.6,103238.5,43108.6,68452.7,85904.1,21932.4,38899.8,63700.9,48879,64413.7,91336.4,76338.8,117414.6
"45","Chlorfenapyr",0,0,0,32066.1,61232,31690.7,42015.8,10145.5,11306.8,0,50.7,6.9,5,5.8,5.4,9.7,7.1,16.5,12.4,24.3,54.9,70.4,97.1
"46","Chlorimuron",115095.3,108144.3,119905.6,115602.8,104837.9,109013.3,89740.3,61264.5,48940.2,42297.3,39402.7,42020.4,48782.9,26297.9,27423.7,36362.1,60091.9,52257.4,72570.3,114834,114526.2,124609.3,151980.1
"47","Chloroneb",0,0,8732,11331.3,0,11778.2,0,1.3,208.6,0,0,0,6.7,0,8672.5,7201.3,12051.2,1717.8,1902.6,301.1,595.5,333,0
"48","Chloropicrin",3336307.6,2484666.2,2776041.7,3501316,4114011.3,4428917.7,3958801.3,7131174,6087597.6,6545680.5,7341132.8,7474669.9,8682938.7,6340513.2,5427430.8,5552182.9,7402922.7,7114116.9,6969678.2,8961931,9567910.9,9873107.9,9678332.9
"49","Chlorothalonil",4386620.9,6701123.2,5654953.5,5924439.6,5872055.6,5322021,5673350.9,4631636,4392222.2,4256825.5,3937396.7,3875694.1,3831136.8,4335262.2,4381732,5387269.1,4463307.3,4315733.2,5060911.5,4749134.6,5204755,4730292.3,4917629
"50","Chlorpyrifos",6885040.9,7569914.2,7692007.7,6968838.8,7149814.6,6484581.8,5609743.8,5435506.9,6289676,4958823.9,4561651.5,4952683.6,4509355.5,4446103.3,4399243.1,4142775.6,6128262.5,4212486.2,3768114.2,3405329,4457379.5,4589016.7,4733446
"51","Chlorsulfuron",48251.1,42209.4,50002.4,57719.1,53359.9,54843.8,44154.7,36398.4,23351.8,21381.2,29995.2,30916.4,39459,38351.1,38995.3,48379,41578.5,41206.1,37938.7,34213.2,41639.1,32580.6,43834.5
"52","Clethodim",84323.7,92243.8,164172,265961.2,237261,296584.5,288394.1,277966.4,312061.5,297069.9,237801.9,286149.4,262765.9,372753.7,234947.1,209258.6,270245.3,433538.1,373388.7,429467.5,493797.1,565158.6,669265.8
"53","Clofentezine",1958.6,6795.1,9341.6,6441,14316,28800.7,5817.8,5886.2,5545.9,5343.1,6441.1,5343,5670.8,13201.6,5003.6,3246.2,2986.4,3883.3,5349.2,6227.8,8250.8,14356.1,16116.4
"54","Clomazone",1205184.3,1326941.3,1466712,1688314.4,1629559.7,1784056,1469518.4,955067.6,1244247.1,845389.6,704402.7,763392.5,528014.6,542449.6,527918.8,361155.2,439850.2,370040.9,428281.1,398439.8,448882.2,381571.4,448159.5
"55","Clopyralid",114930.1,169104.3,109085.4,354834.5,208682,391833.8,1204852.5,535215.6,698398,787650.5,554809.7,511599.3,521995.4,473116.6,399633.7,485959.1,527630.7,494290.4,500549.8,579224.2,695781.6,756842.7,784865.9
"56","Cloransulam-Methyl",0,0,0,0,0,0,18848.3,27147.3,35948.3,36196.3,27563.3,23038.5,20223.4,21834,22665.9,17613,37766.3,39597.2,43116.2,42423.4,48281,79508,106716.9
"57","Clothianidin",0,0,0,0,0,0,0,0,0,0,0,0,195903.4,313420.9,275067.9,403396.8,512389.8,577686.1,471823.4,839756.1,1291059.9,1576211.9,1757173.2
"58","Copper",31052.7,20066.6,32286.2,65415.2,45297.2,81370.1,193311,276945.2,231596.8,172895.7,389047.8,359013.7,297502.5,175019.6,340619.9,351035,416831.3,340690,496225.9,473284.1,368617.9,388542.2,435627.6
"59","Copper Hydroxide",2857932.9,3036177.5,3702414.7,4874350.6,5054744.1,5645120.5,4653951.1,4663328.9,4048027.4,3514830.1,3225916.3,3740913,3088873.2,3734841.4,3485259.2,3207277.1,2237395.4,1996276.4,2448502.6,2649703.3,2360116.4,2369510.6,1946972.9
"60","Copper Oxychloride",11121.8,21944.6,3315.6,6693.5,18091.4,51307.7,93347,82220.3,63176.3,158646.5,122400.6,72887.3,61157.6,83445,64417.2,31261.8,26383.6,37560.1,35831.2,67169.5,90322,143267.6,119257.5
"61","Copper Oxychloride S",134195.4,154309.4,399322.2,165375.3,156036.5,324579.3,413518.5,157040.9,206310.5,151364.2,180713.4,230194,139670.2,169137.7,129040.9,116139.1,178260.6,136776.4,101530.5,355339.8,151776.6,137930.9,114375
"62","Copper Sulfate",3003942.5,2849287.1,4647111.6,3004640.1,2462234.8,2353995.9,3119884.8,2191072.3,2357170.6,2135738.5,1654667.9,2241728.4,1952931.8,1672266,1971927.2,1816646.9,1192872.3,1148488.5,943862.3,915756.3,1533207.9,1007348.7,1076756.7
"63","Cuprous Oxide",86492.1,188318.8,119815.5,156811.1,159486.1,118170.4,145059.7,155569.5,98726.6,84433.2,96864.2,144481.2,234438.2,294389.5,192964.8,144462.9,146385.5,336247.6,186539.7,648524.7,280383.7,280150.6,218760.7
"64","Cyanazine",15897635.8,15139639.3,17024571.8,13206137.1,11617952.5,9909827.8,8136807.4,3425849.5,1503390.3,708288.2,535107.3,298205.4,284144.1,49554.8,35931.8,369,662638.1,0,114620.7,0.2,0,0,0
"65","Cyazofamid",0,0,0,0,0,0,0,0,0,0,0,0,0,0,1450.1,5030.7,1304.9,2451.3,4388.5,10471.7,11494.3,11273.3,8327.9
"66","Cyclanilide",0,0,0,0,0,7564.5,81732.5,121028.3,98630.9,110978.6,76710.4,79224,108107.3,71890.6,52332.3,69518.6,30048.6,52373.2,60331.6,52726.2,42738,42342.1,23292.4
"67","Cyfluthrin",62326.2,98722.5,58923.6,110963.1,59534.7,70936.5,83269.3,64039.1,70300.6,115482.5,90512.9,76450.7,113744.3,128743.1,89183.8,114023.9,101161.9,135851.9,130704.1,138701.3,129017,135369.9,171839.4
"68","Cyhalothrin-Gamma",0,0,0,0,0,0,0,0,0,0,0,0,423.9,7555.1,10207.8,13667,19813.8,19042.8,13537.5,16501,28860.5,38150.5,33382.5
"69","Cyhalothrin-Lambda",84762,70122,76592.4,130384,143717.7,154968.2,152155.2,120041.4,127993.3,140242.7,171562,147820.6,140317.3,166725.5,166037.1,200252.6,273676.1,280827.6,260698.5,299262.2,266814.9,366212.4,343403.1
"70","Cymoxanil",0,0,0,23261.1,5057.7,8857.8,24606.7,15964.8,37151.9,20547,14960.9,9115.3,21534.5,26304.8,32629.2,24625.1,33548.4,31365.2,41338.9,41300.8,38017.6,43958.9,36449.8
"71","Cypermethrin",146518.7,106316.1,127757.8,125607,95982,66196.2,50137,43987.5,45340.5,61834.6,42858.3,38728.1,71603,120263,92273.9,116404.1,75571.3,58829.5,105126.5,84438.9,108886.4,31811.3,41115.7
"72","Cyproconazole",0,0,0,0,0,0,0,0,0,0,0,0,0,0,0,0,0,3962,49315.2,51116.6,82784.5,8549.3,43914.2
"73","Cyprodinil",0,0,0,0,0,0,26168,67344,52494.9,47063.9,60754,64060,60622.8,73900.8,65999.9,97732.6,74718.3,74061.2,84108.6,123423.8,116082.6,113101.3,120195.1
"74","Cyromazine",3331.2,3453.3,3925,1324,3194.9,12856.2,3583.2,2778.4,3733.5,4680.9,6980.9,5640.1,6256.9,5751.2,4699,4583.5,4518.7,2973,2437.8,3127,4617.2,6899.9,5503.5
"75","Cytokinin",310.8,4.2,183,92.9,113,62.4,83.2,13,32.8,665.8,38,157.9,232.7,109.3,286.5,384.2,367.4,439.4,598.1,323,536.6,404.9,430.2
"76","DCPA",1027904.3,1351638.7,532544.1,657824.2,645437.5,425281,337297.9,272132.9,93413.5,446683.1,135798.1,176006.8,226749.3,176774.4,204921.3,190256.7,168912.7,159206.3,162290.2,207468,179202.8,189111,267258.9
"77","DSMA",740284.8,583832.8,688935,877524.6,494698.4,396859.9,286564.6,218553.6,250269.8,115384.8,80483.1,234549.3,4483,21545.2,2531.1,0,0,0,0,0,0,0,0
"78","Decan-1-ol",925522.9,720981.5,889953.2,863769.5,906108,1556720.2,799579.4,688301.4,900831.8,683535.7,799848.4,660946.6,705507.7,904575.9,1063673.1,1421945.9,2053129.6,1490069.7,1989057.6,2565394.6,2203247.5,1682350.6,2399577.2
"79","Deltamethrin",0,0,0,0,5140.5,20849.9,11953.1,6100.8,7110.7,5453.5,9178,4981.6,8183.7,5811,1760.9,5603.2,25794.6,2582,3814,22883.8,2036.6,22938.2,13847.3
"80","Diazinon",807963,1140962.3,1087473.7,931818,1210139.8,1396749.3,909372.2,692611.6,506833.7,672114.2,530515.2,735957.5,508185.4,339942.2,315140,306106.7,246717.3,186665.8,123390.1,112179.3,79472.1,92494.5,92602.8
"81","Dicamba",3935098.1,4003661.8,5267246.3,5391094.8,4641487.4,5036045.6,4069492.3,3344710.1,3191273.7,3094848.7,2979565.2,2575630.3,2518654.7,2046432.3,1774547.8,1671558.4,1878558.5,2052692.4,2355990.1,2727389.9,2938306.6,3541260.7,3255324.7
"82","Dichlobenil",27361.3,49084.5,29488.8,39768.3,70186.4,21790.2,6317,35307,77744.9,5346.6,7615.9,4796.9,29657.9,11843.6,2968.9,8356.1,2926.4,4820.7,5211.7,716.8,6244.6,5988.8,3705.9
"83","Dichlone",262.8,0,2104.7,36689.7,0,0,0,0,0,0,0,0,0,0,0,0,0,0,0,0,0,0,0
"84","Dichloropropene",21862350.7,21495562.9,21216420.4,27496290.8,32553406.3,22758075.9,13647836.4,13199178.9,18780614,21966579.7,23063166.1,17758265.1,20372785.2,26251279.7,25314391.7,22592341.2,30376236.1,34156058.5,20113531.7,28239833.1,28228237.6,23921156,25083708.3
"85","Dichlorprop",210290.5,395846.2,680934.2,818315,399223.5,645569.3,17629.9,193,394.7,310.7,40741.2,90621.3,50775.9,8932.7,10667.3,37098.9,3056.4,30298.9,14653.3,11697.9,24040.8,28074.5,7470.5
"86","Diclofop",1083925.8,618289.9,616012.5,819629.4,806632.1,634143.5,634720.5,724286.8,253043.7,309612.7,173626.9,275464.6,147257.5,137927.3,148592.1,313597.2,45423.5,89621.3,23827.8,21717.2,26274.5,44563.2,3616.2
"87","Dicloran",51709.7,19027.2,64605.2,82788.6,54199.2,201780.3,96765.6,106216.2,151915.6,55782.5,54597.3,80057.5,59688.7,63905.1,68070.4,45075,40551.4,35196.5,51868.2,26598.4,20741.2,47990.6,34092.3
"88","Diclosulam",0,0,0,0,0,0,0,0,2010.1,1525,1759.3,2161.3,2873.1,2831.1,2581,2794.8,2581,2094,2454.1,1993.9,1915.4,1231.8,2426.6
"89","Dicofol",455631.5,449678.5,372276.7,615086.7,394033.2,331728.6,416812.7,495878.5,323741,217220.4,216613.2,194926.7,169966.1,264683.5,130706.4,58796,47046.6,56525.6,37232.5,14667.4,64743.4,27646,19715.7
"90","Dicrotophos",254430.8,262849.4,179271.8,268142.5,206238.6,205064.4,148580.1,271352.8,217659.7,256475.7,295441.9,297420.1,657625.7,518038.3,534016.9,573006.9,373540.9,332659.2,518200.6,419453,581687.9,606125.9,569558.4
"91","Difenoconazole",0,0,0,0,0,0,0,0,0.9,1.1,0,1.3,0,0,0,0,9412,38598.5,50974,98478.4,111955.5,153965.8,186404.2
"92","Diflubenzuron",4632.1,32942.1,23135.8,62076.4,27304.5,27682.5,9646.1,12940.2,16903.8,14707.5,8644.2,9274.4,16998.3,32683.8,19370.9,28786,35891.9,71243.6,83327.6,42774.8,61534.8,49833.7,68408.3
"93","Diflufenzopyr",0,0,0,0,0,0,0,48314.5,67882.2,83874.1,88738.9,82540.9,62700.8,75280.6,49979.3,66636.9,91380.1,75028.3,60497.7,85189.1,114503,138612.9,134128.1
"94","Dimethenamid",0,326845.9,2139582.1,2731568.7,5024125.6,4676958.6,4397694.8,4905215.4,4128561,3648216.3,3308690,2788880.5,2686526.1,1755501.8,1626260.4,2063012.5,2157117.8,1441313.4,1737279.3,1545085.8,1601820.2,1410014.8,1084952.3
"95","Dimethenamid-P",0,0,0,0,0,0,0,0,3610,50793.9,799806.7,1367195.3,927060.9,1374091.1,1346193.3,1612065.9,1470520.1,1487087.4,1415432.1,1371125.8,2066449.2,2499157.2,2691208.7
"96","Dimethipin",35761.3,54558.3,45127.5,74830.4,81767.4,76806.4,93813.1,68311.4,79509.4,118709.1,72463.2,31402.2,35776.1,60202.9,109362.4,11079.3,9883.4,18431.8,590.4,2049.5,18340,0,0
"97","Dimethoate",1264207.7,1373609.4,1539515.8,1628708.4,2110113.3,1341980.5,959399.1,1108179.4,910274.5,685619.6,1099268.3,722986.7,1651480.2,968733.8,614751.7,764880.8,855665,625027.7,681479.2,1439990,1322378,989775.3,657882.7
"98","Dimethomorph",0,0,0,2716,18704.3,24557.5,13502.9,13003,17998.6,9554.4,4929,7761.8,54240.4,29047,32863.3,11323.6,5623.6,8410.7,3809.2,3237.8,5647.8,17787.3,23359.7
"99","Dimethylarsinic Acid",17486.3,61842.8,20289.9,108405.9,62678.3,40043.4,103768,27484.6,40024.9,93509,33037.1,46886.9,30536.5,5416.5,118051.7,44986.7,0,0,0,0,0,0,0
"100","Dinocap",368.3,338.6,1331.5,62.2,0,1.2,0.5,1.3,0.1,0.2,0,0,0,0,0,0,0,0,0,0,0,0,0
"101","Dinoseb",91197.5,36659.7,78.6,21.6,273,2387.6,470.5,985.6,82.6,137.9,253.2,51.1,21.3,58.8,56.1,0.7,67.8,370,4.3,22,26.6,8.9,169.7
"102","Dinotefuran",0,0,0,0,0,0,0,0,0,0,0,0,0,32.2,2411.1,9332.6,9491.1,10852.2,13354,11706.4,20707.3,21138.6,17353.9
"103","Diphenamid",67079.7,20570.3,1424.8,0,1503.9,0,0,0,0.1,8.2,0,0.6,39.8,0,0,0,0,0,0,0,0,0,0.3
"104","Diquat",124092.2,54497,132823.8,191062.2,278706.1,114195.2,79190.7,117764.6,104180.4,109354.1,117660.5,92452.9,99877,80816.8,81796.2,98159,98352.2,99645.6,80281.1,88841,135153.4,142703.1,135224.8
"105","Disulfoton",987822.9,836383.8,1020400.7,1210303.8,882488.9,713727.8,504839.1,1020980,377874.5,502127.6,416437.3,355352.9,351296.9,111874.7,157891.6,47500.8,28089.7,9071.8,19572.7,15865.3,9714.4,47443.4,2213.9
"106","Diuron",2582215.4,2662437.3,4457223.9,4344759,2241549.8,2632425.2,3479369.3,3474509.8,2659724.3,3426430.6,2846782.4,2581547.8,2874566.1,2557862.7,2310125.1,1468378.2,2047668.3,1554841.7,2182913.5,1972977.8,1768153.4,1688940.4,1560724.5
"107","Dodine",146543.2,127608.7,165455.1,87370.9,123427.7,77170.6,117596.5,78745.3,77051.6,66373.1,36101.4,160250.5,72525.9,135774.3,73791.4,48032.2,79252.5,131805.8,194751.5,77446.8,202690.6,158416.7,214193.3
"108","EPTC",10092870,8263389.6,8708887.8,8277668.9,8402909.6,5764535.3,7309089.3,7077683.7,5714285.2,4705065.7,4393555.4,2604934.8,3283577.5,3700209.1,1781239.4,1600063.7,1261414.7,1645645.7,1605732.4,928817.8,1014809,1940163.2,3614090
"109","Emamectin",0,0,0,0,0,0,0,0,3087.8,2788.5,685.1,1050.1,1324.1,1254.3,1599.9,1428,1891.5,809.7,983.7,1327,1295.6,1343.2,1359.1
"110","Endosulfan",762265.4,1413999.8,2343172.4,1288572.9,1434086.1,840897,606561,685530.2,641519.7,454755.3,451183.3,417431.2,430548.9,444958.2,322587.8,346621.9,321104.8,289868,161724.2,124218.5,136054.4,106763.6,59805.7
"111","Endothal",99014.5,68803.1,109417.5,168117.6,65977,54024.7,43439.5,49629.1,30680,23417,34845.2,11846.4,14645.5,14258.7,7991.8,9557.8,1554.9,369.3,59.9,1.3,703.6,0,9.6
"112","Esfenvalerate",156587.1,119799.1,183871.2,162428.1,143578.3,128280.5,136271.9,87571,83525.2,80453.7,77550.9,77184.8,87015.3,101504.8,131284,119007.3,132841.1,133406.8,128972.7,154733.3,108311.4,98789.9,126135.6
"113","Ethalfluralin",2215923.5,1802084,2108544.2,2329757.3,1924542.7,1475643,2090804,2039407.4,1395579.2,1259844.4,982695.2,1192199.1,1184723.8,910154.4,790583.7,713489.1,690161.8,781778.7,757339.8,547440,687477.8,660936.9,724912.8
"114","Ethephon",559702.1,702655.6,1080396.5,1381365.3,1210674.9,1281701.4,2583714.5,2531906.3,2876414.7,3487727.4,3442828.9,3424182.5,4458015.7,4159397,4142692.2,3854772.7,2508449.7,3576506.6,4666666.3,4560567.3,4130595.7,3841412.5,3492645.8
"115","Ethion",667377.4,616032.7,416858.2,442067.5,271569.4,252282.2,457753.6,322826.5,158598.4,246516,117642,32922.7,14363.3,978.2,5.9,0,1,0.4,32.6,0.4,19.7,0,0
"116","Ethoprophos",1649729.4,536410.8,370070.8,802939.7,715573.1,434616.1,439406.9,493072.9,371516.7,448709.8,395072.5,515212.9,999449.9,331165.5,258136.3,524916.8,419698.7,219597.5,336891.1,357871.3,213967.1,116523.6,83037.7
"117","Etoxazole",0,0,0,0,0,0,0,0,0,0,0,0,2461.2,3047.2,8855.3,12210,13649.3,17944.8,11871.4,18740.1,28287.8,31493.3,43097
"118","Etridiazole",64816,70506.3,175616.8,93822.9,64926.3,56787.6,33242.2,57307.8,58840.7,58798.5,38583,32377.7,26138.2,16317,12781.5,9166.4,1750.7,388.7,505.1,1046.4,3449.5,99,124
"119","Famoxadone",0,0,0,0,0,0,0,0,0,0,0,0,14283.9,21409.8,25836.6,19349.6,29982.7,25050.7,34102,30980.5,28081.8,31590.8,27711.7
"120","Fatty Alcohols",4.5,1.7,0.3,0,0,0,10.7,19.4,195754.4,1.9,159480,34994.9,101863.5,54548.1,91509.4,206020,47503,55350.6,55848.8,703332,159207.7,553146.3,190649.2
"121","Fenamiphos",597699.8,470925.7,346363.8,400354.1,227582.7,349448.7,167555.7,125380,131892.1,142199.7,150359.1,94334.4,71877.8,60541.9,38721.5,44352.4,37526.3,19506.3,8312.3,23309.9,39961.8,13400.4,306.3
"122","Fenarimol",20735.8,22921.6,29687,28507.5,26544.5,22956,28372.5,19860.2,13797.9,9383.1,11032.5,10277.7,10324.3,8483,6928.9,5904.6,8460,7359.6,4909.3,6010.3,3730.6,1239.2,216.5
"123","Fenbuconazole",0,98.4,0,18387.6,17731.7,21841.6,14825.2,24560,28133.5,30027.5,30125.7,27478.7,18723.1,20056.9,13382,18336.6,17827.4,19414.9,26567.8,22482,20800.1,25236.8,22683
"124","Fenbutatin Oxide",210490.3,205703.4,152143.9,142795.4,157004.7,150916.2,161408.2,100942.8,322051.9,73567.8,47949.6,79242.4,68105.1,68508.8,58659.6,81508.9,30117.2,21156.3,2820,8752.9,10728.2,17555.8,22765.8
"125","Fenoxaprop",233784.6,107780.2,161843.9,176687.5,217099.9,263196.4,247745.2,188633.3,206972.2,207203.2,215774.4,231466.7,224927.1,162644.1,134612.6,141266.3,160027.3,158926.1,173952.6,112957.2,94921.3,62763.3,66451.9
"126","Fenoxycarb",8.1,27.9,3054.8,797.1,2059.8,1913.3,251.1,175.1,78.2,58.4,10,5.9,6.5,4.1,2.8,1.2,3.2,1.8,0.9,0.7,0.4,0.2,0.3
"127","Fenpropathrin",133.9,14947.6,38860.8,61524.5,20365.7,11950.3,7547.5,9715.7,12935.7,33704,33612.1,34877.6,40580.9,39089.8,33559.9,70552.5,63904.3,50878.9,38128.6,49081.4,56681.4,70666.4,79811.9
"128","Fenpyroximate",0,0,0,0,0,0,0,0,0,0,0,0.7,1226.4,2431.5,3098.6,6445.3,11807,11580.7,13321.2,10434.4,18178.9,31283.5,26106.3
"129","Fensulfothion",10357.2,36837.5,0,0.7,0,0,8.8,0,1.2,0,0,0,0,0,0,0,0,0,0,0,0,0,0
"130","Fentin",236136.2,241949.1,248654.9,281337.7,347188.6,329295.4,301488.1,281959.7,249642.6,209910.6,213414.8,170442.2,122947.4,125928.4,144701.3,143176.3,113337.2,111348.6,134351,137559.1,152322.4,175577.7,134353.5
"131","Fenvalerate",17722,23222.9,9926.3,5374.3,48,52.4,5.2,0,1.9,0,1,0,0,0,0,0,0,0,0,0,0,0,0
"132","Ferbam",186653.2,67491.8,174380.6,177033.2,60510.1,122677,35368.8,66541.8,65870.1,90004.5,67228.4,86673.5,62771.2,49455.5,24244.6,11770.1,7876.9,56968.9,20574,30880.2,5307.2,0,0
"133","Fipronil",0,0,0,0,0,0,90174.3,100372.3,131070.8,173231.6,190307.8,107610.5,146640.7,161661.5,62825.2,76885.8,50664.1,88772.5,67686.9,38243.7,10052.2,5019.6,6961.8
"134","Flonicamid",0,0,0,0,0,0,0,0,0,0,0,0,0,0,1904.7,20225.6,20712.3,12083,23528.8,28426.1,28167.8,24833.4,24015.2
"135","Fluazifop",373143.3,414847.6,433223.3,464769.4,439017.5,598303.9,362901.7,288304.2,261064.9,228062.2,129627,158834.7,138688.8,91061,121527,113456.9,85883.7,189928.6,135271.9,70654.6,112426,86326.8,108395.5
"136","Fluazinam",0,0,0,0,0,0,0,0,3507.7,9815.5,17104.2,56047,71544,65449.6,33429.2,21136.5,36986.7,33450.4,28249.5,47050.4,57932.9,37070.2,56134.7
"137","Flubendiamide",0,0,0,0,0,0,0,0,0,0,0,0,0,0,0,0,387,22226.4,17310.4,44175.6,134523,114438.8,77850.8
"138","Fludioxonil",0,0,0,0,0,0,0,137.7,0,100.8,2840.3,4330,3156.8,4183.8,12845.2,16608.3,23174.5,37436.8,35930.6,46746.3,45860.2,49285.6,57899.2
"139","Flufenacet",0,0,0,0,0,0,393832.4,514819.1,659678.1,628713.5,575283.9,619659.9,671124.1,582016,419461.2,567047.9,389692.9,616448.1,318289.7,191406,346167,124543.7,57765.8
"140","Flumetralin",37475.6,32664.8,50434.4,70383.7,37653.6,41317,27791.2,39087.2,26977.6,44027,34461.1,21966.9,24296.4,25469.7,38133.7,35197.2,41154.1,38352.3,39701.1,60435.5,52589.2,54626.1,66996.4
"141","Flumetsulam",0,131.3,115759.1,91598.8,132104.4,169410,225044.2,200469.5,207026.9,169465.3,149703,119388.4,121392.1,108525,80937.3,92216.5,89169.7,92508.9,161345.9,131306.4,156266.8,183058,179658.6
"142","Flumiclorac",0,0,0,9713.5,22165.2,25006,25609.5,18044.1,15543.8,15104.8,14260.9,17359.9,10064,20222.9,28234.3,21684.3,34649.4,18907.2,32182.9,32932.6,31520.7,32345.5,25635.1
"143","Flumioxazin",0,0,0,0,0,0,0,0,0,24744.7,36516,58462.8,86556.3,151531.8,156985.1,237497.8,309806.7,375967.7,438969.9,579266,558523.1,548374.1,706522.2
"144","Fluometuron",2151515,2216958.5,2736252,3259073.5,2640314.4,2221918.5,2210256.4,1447851.2,1278319.3,707700.6,492252.1,342854.7,397926.2,275706.7,275432.3,321615,178056.3,186798.5,375950,486725.7,375023.3,313632.9,311831.9
"145","Fluopicolide",0,0,0,0,0,0,0,0,0,0,0,0,0,0,0,0,1304,3479.7,4135.1,7837.9,11736.2,12226.7,11301.3
"146","Fluopyram",0,0,0,0,0,0,0,0,0,0,0,0,0,0,0,0,0,0,0,0,11798.8,23115.4,43819.9
"147","Fluoxastrobin",0,0,0,0,0,0,0,0,0,0,0,0,0,0,0,0,975.1,5633.4,4279.3,212299.4,35639.9,128330.9,65683.2
"148","Fluroxypyr",0,0,0,0,0,0,689.6,57606.8,70885,66796.3,145003.2,146385.2,195769.6,253395.1,315572.3,382453.7,437253.8,357131.8,440103.9,507270.8,546231.8,580426.4,762464
"149","Fluthiacet-Methyl",0,0,0,0,0,0,0,0,0,0,0,0,0,0,0,22.6,1993.9,5914.7,7278.9,8188.6,10817.8,12390.5,16190.4
"150","Flutolanil",0,0,0,63073.2,74710.6,38917.8,23421.6,26560,31094.8,62694.3,71588.2,80240.2,84457,82574.8,45944.2,93060.6,64536.7,113880.7,172815.4,206057.5,274767.6,164748.4,245036.6
"151","Flutriafol",0,0,0,0,0,0,0,0,0,0,0,0,0,0,0,1898.8,891,10141.7,449.5,14025.8,22989.4,27709.5,61318.1
"152","Fluxapyroxad",0,0,0,0,0,0,0,0,0,0,0,0,0,0,0,0,0,0,0,0,15051.2,117919.5,202341.4
"153","Folpet",1966.7,3023.4,0,0,0,0,0,0,0,0,0,0,0,0,0,0,0,0,0,0,0,0,0
"154","Fomesafen",198359.1,247452.4,291249.5,324294.4,572754,547287.6,582249.6,514152.1,645070.2,396803,298608.5,312911.7,301657.3,384547.7,336975.9,337444.2,342263.3,710005.5,910223,1218573.4,1366172.7,1378801.7,1620656.3
"155","Fonofos",1804013.7,1100456.8,1395603,1118916.5,1043428.6,736023.3,511082.6,326131.7,101648.4,243.2,210.3,82.5,13.6,6.8,0,0,0,0,0,0,0,0,0
"156","Foramsulfuron",0,0,0,0,0,0,0,0,0,0,19547.9,16208.5,20901.8,14701.9,13356.8,18863,15825,9469.1,7379.4,11869.8,6709.8,4930.9,2359.4
"157","Formetanate",153541,269513.5,115636.1,88219.1,72233.8,92814.8,61313.4,76361.4,38312.8,36584.1,30561.1,21267,26304.1,30594.6,89513.4,38273,55667.3,27051.5,23770.3,24750.8,26868.9,20315,15848.9
"158","Gibberellic Acid",23613,24664.9,31356.6,22888.4,24393.1,21537.6,26079.6,49527.6,18080.5,19506.2,14367,12356,12089.5,13027.4,12719.9,13102.9,12049.4,12066.8,11457,11110.3,12223.5,14669.8,14723.2
"159","Glufosinate",0,0,0,0,1784.6,70115.4,246260.2,287424.9,391439.3,389876.9,472498.3,481317.3,792800,1088391.3,1012619.2,1495634.1,1098135.4,1316726.5,1804380.1,1954472,2179375.6,2075395.1,3230910.4
"160","Glyphosate",7925731.6,9984862.2,11458108.2,15337840.5,14933543.4,20108988.7,26752750.1,33550580.3,39502760,46891507.1,51461540,59646699.3,64850509.2,72269990.6,74086013.2,83064236.3,97971078,100798634.5,110241913.2,114525029.6,129870408.1,128663183.3,130295177.6
"161","Halosulfuron",0,102.3,257.2,30581,55118.6,35467.8,33181.9,40688.9,32354.2,38725.4,34074.9,27346.4,29770.6,28424.5,30275,25327.9,34160.7,30879.2,35079.6,28151.6,56922.7,41977.3,45328
"162","Harpin Protein",0,0,0,0,0,0,0,0,0,268.5,2630.7,367.3,198.9,468,222.6,192.3,46.4,25.5,73.4,5,92.7,44.4,24.1
"163","Hexazinone",366674.2,191023.8,551294.5,353643,582227.4,220716.8,332761.9,257229.4,383229.6,330601.9,327883.6,329191.9,351134.8,323635.2,452213.2,249674.9,312968.8,196803.2,153988,199544.3,201763.9,319049.5,224758.5
"164","Hydramethylnon",193.5,1950.7,272.7,5218.4,200.3,66.7,20.5,8.7,18.5,13.9,11.2,10.3,7.8,11.2,3.4,5.5,4,5.5,14,4.3,17.9,4.1,5.3
"165","Hydrogen Peroxide",0,0,0,0,0,0,0,0,14.5,15747.5,11459,58171.8,168598.4,142414.4,50659.8,22514.7,26870.6,41309.5,21991.9,75504.4,42494.6,90079.1,78189.9
"166","IBA",111.1,229.4,189,488.2,572.7,507.7,355.6,226.7,157.4,59.1,40.8,207.7,210.8,398.6,100.5,82.8,11.7,34.4,58.8,61.3,189.8,139.3,254.5
"167","Imazalil",0,0,4462.7,1165.6,0,890.4,0,0,0,0,0,0,0.2,0,0,0,11139.9,13539.2,14810.6,14235.4,17273.1,20937.5,13595.9
"168","Imazamox",0,0,0,0,0,5334.8,86309.3,48247.9,77077.1,63339.8,69147.1,55142.2,48562.8,57522.2,53626.5,54577.3,83482.7,61720.4,88871.1,78384,92879.8,95944,114315.1
"169","Imazapic",0,0,40082.9,80.8,8187.3,12534.6,13030.7,12798.2,18256.4,14611.6,117543,44341.4,38009.3,28536.8,17321.2,17352.5,19794.3,17501,23799.8,20827.2,28810.9,21306.7,24258.8
"170","Imazapyr",12034.8,85078.8,91771,171152.4,32487.8,112998.9,11564.9,15966,23897.4,24738.2,26742.3,38503.8,25277.9,40223,24786.6,19957.9,5437.5,8177.8,8539.4,12951.8,16280.9,574.1,651.2
"171","Imazaquin",547829.5,651031.1,567097.6,478887.9,472318.4,402328.5,256668.2,205693.9,136832.6,97669.1,71423.3,78711.2,147958.3,52098.2,66357.1,74972.9,89422.4,69926.1,71910.3,78609.7,100287.2,88019.7,55558.5
"172","Imazethapyr",444214,437416,619317.1,818830.2,730494.3,719104.8,408196.5,459106.7,330700.6,285884.4,266824,223089.9,247728,204631.4,224234.5,184240.8,271674.5,250632.8,270985.6,270111.1,351199.5,272490.8,324896.7
"173","Imidacloprid",0,0,11207.2,82499.6,103266.3,188584.4,168915.5,142068,135225.4,139899.3,133239.1,151194.7,271790.5,216930.1,229185.8,339079.9,326129.8,407280.4,773794.3,819043.4,858241.1,967132,1042904
"174","Indaziflam",0,0,0,0,0,0,0,0,0,0,0,0,0,0,0,0,0,0,0,2890.2,14393,21905.4,26728.7
"175","Indoxacarb",0,0,0,0,0,0,0,0,35596.6,31740.6,21534.4,44508.6,23548.7,67769.3,43284.8,68893.7,71303,31865.6,43488.9,50407.8,78850.2,43685.5,22535.4
"176","Ipconazole",0,0,0,0,0,0,0,0,0,0,0,0,0,0,0,0,0,0,571.1,1314.1,1659.3,1230.5,3769.4
"177","Iprodione",299909.2,443797.7,864171.6,547906.4,550817.8,365296.7,350069.5,320483.1,361488.4,261037.9,176357.6,270759,267056.5,176244.3,232496.1,195645.5,161111.4,185921.3,197925.1,230307.2,214728.8,163145.4,158021.9
"178","Isopropalin",62762.6,17452.8,32870.1,12839.1,43422.8,9396.7,21446.5,0,0,0,0,0,0,0,0,0,0,0,0,0,0,0,0
"179","Isoxaben",0,1.3,355.3,15.4,1246.3,3640.6,948.4,2148.4,1255.1,943.8,4990.9,1157.7,1409.3,1627.9,1555,1719.3,1251,1722.2,1989,2439.2,8563.1,10960.7,13590.2
"180","Isoxaflutole",0,0,0,0,0,0,115.6,132148.2,114578,164588.5,211175.6,230823.1,215924.3,204028.5,205940.4,163176.7,141512.2,174877.2,197311.7,258053.7,315931.7,317125.7,356846.5
"181","Kresoxim-Methyl",0,0,0,0,0,0,0,3484.3,13107.5,14338.8,12122.4,20201.9,11998,18089.6,17360.7,17896.7,17057.9,27726.5,26118.8,33266.8,19880.5,21121.4,20533.6
"182","Lactofen",111545.1,90736.8,147049.4,197546,190733.2,162040.9,103909.3,93630.8,77437.9,93760.5,73134.6,49552,39987.9,58111,56786.6,55383.3,48704.1,119506.8,131295,154928.5,207139.7,355747.6,362157.2
"183","Lindane",37451.3,34128.1,29156.8,31121.7,36191.7,10168.2,22784.8,11388.5,22028.7,12720.8,4508.7,164.6,19842.5,17477.8,8932.5,8308.9,21577.2,2293.7,603.2,0.2,0,0,0
"184","Linuron",1240721.2,1492558.9,952327.3,655542.8,724768,771868.1,488445.5,360973.9,267850.4,285847.1,453435.8,311445.2,440749.5,460417.7,234329.9,404255.6,154423.1,165796.7,248631.8,129992.2,232390.9,489967.8,144630.6
"185","MCPA",2400900,2405460.7,2607294.3,2641019.4,2796673.6,3548896.6,2530637.7,3916117.6,1960592.5,2510677.8,2068102.1,2032086.3,1884516.3,1753582.1,1465430.4,2164704.1,1619212.6,1562066.9,1437851.1,1625535.3,1506888.8,1256191.4,1150428.4
"186","MSMA",2083288.7,1951515.7,2545914.3,3071541.9,3780889,2504129.8,1109203.3,1062400.7,981743.3,851408.9,706434.3,918221.6,430198.3,482942.8,542813.9,240479.8,895781.3,815449.5,479286.2,843604.5,697084.5,493368.8,622918
"187","Malathion",1949160.9,2056136.4,2005870.3,2789643.4,2755618.2,3306964.3,1825687.9,1225089.9,1580419.5,1375417.8,1142110.4,946826.6,1467859.3,1582899.6,1111990.4,865145.3,1397719,512865.7,1305299.1,897120.7,502354.7,636908.2,970200.2
"188","Maleic Hydrazide",695241,631355.6,531934.5,536256.5,682414.5,595578,526903.4,566787,504758.7,480449.5,382420.7,440824.2,499038.4,357356.5,445702.4,414228.8,363665.4,414521.6,384696.9,375607.4,321799.9,355296.9,293738.8
"189","Mancozeb",3970853.2,4025396.4,4413592.5,5208582.7,4910804,4963540.6,3427205,4608843.8,3642136.2,3498574.2,3466230.2,3915667.6,4273631.1,3917582.5,3706274.2,3066018.8,2801001.1,2849386.9,3207827.1,3341258.9,3363400.5,3480679.8,3411119
"190","Mandipropamid",0,0,0,0,0,0,0,0,0,0,0,0,0,0,0,0,8146.6,17480.7,32009.9,44194.8,38270.1,36774.9,33832.1
"191","Maneb",1037383.5,950130.4,1586942.5,1308844.2,1369624.1,1614550.2,1379650,1192532.1,1066051.7,715383.4,753963.1,906820.4,797869.2,871778.2,862625.6,913802.3,681956.2,644370.1,348433.9,181444.6,229336.8,74826.5,12443.2
"192","Mecoprop",42030.7,94265.3,144412.9,229611.7,132024.5,311232.1,15946,85441.7,127436.2,3261.4,820.4,577.3,1611.5,703.4,37829.4,15816.9,2.6,32.1,40.2,1.3,11.4,23214.9,5994.4
"193","Mefenoxam",0,0,0,0,20,87293.1,153876.3,181339.8,177604.3,151211.6,137882.1,129926.8,173128.7,116611.1,125465.1,138246.2,113052.6,127735.1,113349.3,138457,139537.9,165781.4,163523.1
"194","Mefluidide",17.6,3.8,23.2,0,7.3,39,0.7,0.3,1.5,0,0.5,0,0,0,0,0,0,0,0,0,0,0,0
"195","Mepiquat",69630.6,67514.2,83457.7,112758,119863.5,143979.3,109418.8,135515.2,125829.1,148891.4,142860.1,209892.5,250261.9,300662.9,274277.2,225047.1,154724.7,196843.5,209108,260441.4,234767.7,239191.7,208351.8
"196","Mesosulfuron",0,0,0,0,0,0,0,0,0,0,0,2.7,417.7,13876.9,7216.4,6034.6,12711.7,6255.7,4393.1,5842.4,9293,7909.1,10239.9
"197","Mesotrione",0,0,0,0,0,0,0,0,0,31091.8,246638.9,466925.6,707303.9,876288.7,958771.7,1030219.6,969257.8,941068.5,964269.1,1008827.2,1201621.3,1253808.4,1169916.5
"198","Metalaxyl",748071.6,530149.5,801370,641317.1,714616.2,407186.5,136644.7,99552.6,59372.4,957.7,493.8,375.1,419.2,235.3,8772.1,10588.3,14826.7,22996.2,77451.2,79272.1,87573.2,103932.1,101891.6
"199","Metaldehyde",75201.2,37928.6,31249.8,34591.8,30729.5,49739.9,21785.3,13674,22488,18836.1,26442.3,21274.4,18954.5,20896.3,18733.2,16432.6,18022.1,20670.6,28698.3,29727.4,21321,20819.9,20005.6
"200","Metam",21720699.8,16937669.7,23644561.6,26659746.7,35034248.2,33838653,29080464.9,29335716.9,30787647.6,28574125.2,28355248.1,22541668.3,34869833.7,27096278.9,25780646.8,29293016.2,21924821.5,20582018.3,23101121.3,24738841.2,20651770.2,22627143,20476277
"201","Metconazole",0,0,0,0,0,0,0,0,0,0,0,0,0,0,0,3162.4,3658.8,17962.6,82165.5,141287.9,160142.9,253188.5,235321.7
"202","Methamidophos",463560.8,449181.7,578082.2,616523.7,504519.9,494712.9,518457.1,289251.8,236234.9,159950,296353.4,229308.3,143662.6,295187.4,151332.5,106727.2,84828.7,74284.1,30916.9,30712.6,18069.8,4365.1,0
"203","Methazole",58914,69854.3,610.8,3851.2,0,0,0,0,0,0,0,0,0,0,0,0,0,0,0,0,0,0,0
"204","Methidathion",207986.6,213406.1,211207.2,189966.3,184113.1,153266.9,85856.7,88001.4,49653.3,46552.7,35378.3,29926.2,39236.8,29136.8,32402.8,24113.5,26762.8,27350.2,23853.4,14222.5,15728.7,5339.2,1638.9
"205","Methiocarb",19072.8,6405,6937.3,54983.8,220668.7,1046.4,1256.8,755.5,365.7,494.7,434.1,711.7,906.6,805.6,531.7,552.8,651.9,1068.3,1062.4,841,1208.6,1125.2,1204
"206","Methomyl",961615.5,1041309.2,1268302.3,1687646.7,1108540.2,1025532.3,929613.1,790358.5,624710.9,522153.1,535390.8,564775.1,472013.8,480206.3,427454.9,487971.1,599410.9,667145.7,523445.8,517657.7,548213.1,384927.5,392980.4
"207","Methoxychlor",116971.8,49975.1,81561.5,79798.8,249051.6,116424.9,35627.4,23221.8,15488,9363.5,24250.9,328.6,9166.7,19352.4,2675.9,2013.7,0,3.6,122.4,17.3,0,0,0
"208","Methoxyfenozide",0,0,0,0,0,0,0,0,0,22767.5,26925.7,33673.9,83331.2,162062.2,127877.1,120734.4,123563.3,87423.3,122690.5,200458.1,160592.9,192425.2,201793.5
"209","Methyl Bromide",42036701.4,13377574.9,40113070.9,48781884.9,45021437.9,39545318.4,27382811.5,28143097.8,20542711.2,15578209.2,9403113.7,9386922.4,12232473.4,8320248.7,7407179.2,8596833.8,4613202.5,4220952.7,3395851,2690418,1989460.7,1207403.7,922087.3
"210","Methyl Isothiocyanate",142310.3,135177.1,43022.8,2155.3,0,0,0.2,90.7,0,0,0,0,0,0,0,0,0,0,0,0,0,0,0
"211","Methyl Parathion",863214.6,1165595.8,1959089,1618299.7,2277256.9,1230775.1,2629071.1,2432813,1742227.6,1262539,882755.9,762944.1,943494.8,841495.4,665408.2,988159.6,612277.3,438995.3,184768.2,588731.4,238116.1,74100.7,22272.9
"212","Metiram",210845.8,438753.4,683015.8,677640.9,871891.2,882824.6,921230.4,1300228,631796.8,822770,993625,775840.2,700083.2,1034611.4,561018,1567274.7,423498.9,495632.8,247782,225643.4,391266.2,139265.4,204435.3
"213","Metolachlor",29484599.1,28635254.7,32757233.1,30417022.1,31856989.4,32061366,25145198.2,14781298.5,11451011.1,8037028.2,1695107.1,416868.7,1432731.5,1524946.8,1577969.7,2067951,2798185.3,4711352,3173696.8,5406521,6053360.1,5238967.2,5639539.6
"214","Metolachlor-S",0,0,0,0,0,160.9,6081607.2,9338884.5,11182836.1,12232112.9,15266823.1,15488027.1,14993237.3,15427763.5,14886063.2,16513918,14835250.6,15305595.2,17004954.1,17344030.9,19718830.9,20872929.9,20863157.5
"215","Metribuzin",1950462.9,1754915.4,1971319.2,1994033.3,1606565.1,1655185.4,1254258,1178710.4,1039077.8,1167897.9,945148.4,949844.6,998151,888466.4,960169,1145930.3,937150.7,946277.6,1043486.3,1201246.9,1427324.7,1616830.8,1763867.2
"216","Metsulfuron",20803.3,16908.4,25266.3,25199.1,25462.6,23321.5,25986.9,28368.2,19345.8,23001.5,31960.4,26325.5,36848,18379,22021.6,22552.9,29747.8,29287.1,33151.6,36153,37008.5,39288.7,35102
"217","Mevinphos",185748.3,202138,156817.4,93746.5,8250.6,487.5,608.2,954.7,348.7,240.8,0.9,70,0.1,120.8,13.3,22.5,3.2,2.7,2.7,88.7,2.3,0,5.7
"218","Molinate",2063255.7,2208223.2,2052211.5,2004927.4,2098130.9,1699040.3,1871762.2,1896610.5,1397773.9,1228226.5,966690.9,514198.8,570221,254506.8,170494.7,234122.5,228287.3,20723.1,49920.2,0,0,0,0
"219","Myclobutanil",128745.4,166658,102193.5,95405.9,93632.6,97154.1,127807.5,81671.3,85650.7,92290.3,79505.9,87153.3,65709.3,66829.8,59289.7,51331.9,50298,61823.3,54607.7,64059.7,51229.3,51916.1,54751.3
"220","Naphthylacetic Acid",4807.5,4509.1,7491.2,8646.2,6024.6,7396,5252.2,4520.2,3130,3859.3,3587.9,3817.3,3210.5,3761.3,3138.4,3042.9,2859.6,2781.9,2431.9,3125.8,4927.1,2562,3896.1
"221","Napropamide",261541.5,333576.3,257515.9,313905,243447,208147.1,135286.8,163372.7,145870.2,133082.3,105707.7,75395.1,72765.6,80897.7,66989.4,64605.9,61564,53593.7,53837.6,51029.3,49209.7,48497.1,70767.3
"222","Naptalam",266371.8,84204,117118.6,74105.1,44469.7,76860.6,95637.1,81483,117708.8,59056.3,264638.1,48631.5,36911.5,60343.9,59988.5,52838.4,33579.1,59616.8,19209,1277.7,3566,3156.4,0
"223","Naptha",3071.7,0,9.8,0.1,15783.6,27,20,4,0,0.2,21.9,0,0,0,0,0,0,0,0,0,0,0,0
"224","Nicosulfuron",79157.7,92962.9,146119.1,123251.6,143333.1,151040.1,138671.2,97794.7,111325.2,95126.7,105660.3,98947.2,105504.6,86675.6,72964.7,55155,40648.2,33140.4,35524.4,45841,42614.4,32252.5,33261.6
"225","Norflurazon",1174094.6,947711.4,1370687.2,1767789.3,1591005.4,1179241.8,904882,931789.5,730798.5,884655.7,484793.8,738397.1,394994.1,300762.5,271926.3,261295,184333.7,336433.5,270297.9,160614.7,109757.3,139543.9,81723.9
"226","Novaluron",0,0,0,0,0,0,0,0,0,0,0.1,1.8,1475.1,53414.2,20804.8,21934.9,21960.9,24198.3,39550,57867.1,43836.8,39243.3,46466.2
"227","Oryzalin",459953.6,528852,465334.7,540581.6,853774.5,538961.1,603339.7,427679.4,241050.4,114276.2,98134,190386.6,304564.3,361442,405726.3,313322.8,317970.8,321413.1,371584.5,421677.7,465101.5,280020.7,298585.6
"228","Oxadiazon",1585,956.5,4139.6,1375.6,2029.1,1430.2,1346.2,2288.3,2157.8,1554.6,1084.1,1175.6,1886.4,1898.9,1825.5,2160,948.6,707.2,672.5,842.4,1079.5,1192.1,547.6
"229","Oxamyl",274082.9,292108.4,347912.8,452198.6,312780.2,442250,550575.9,480377.2,532433.5,358391.8,349425,402845,378592.3,439083,562846,503406.4,478881.1,291208.5,429892.2,548586,511827.1,518737.3,440427
"230","Oxydemeton-Methyl",66823.1,74703.5,98102,104205.2,105101.8,89170.4,52151.4,94353.3,60345.1,56453,56026.2,45349.7,57558.6,65280.3,61075.5,68336.2,91993.1,39754.8,39742.4,14119.3,9478.3,8514.6,4269.3
"231","Oxyfluorfen",200173.9,214745.6,206953.3,295606.5,548238.3,317290.1,344276.4,436609.8,323606.6,299782.5,279892.5,338074.1,311664.9,323449.2,364125.3,323342,330993.8,318220.4,284828.2,428091.7,426127.5,474846.9,398061.9
"232","Oxytetracycline",6414,6048.6,14357.4,15302.5,25189.5,8920.6,9708,7561.6,9679.5,9553.9,8971.4,9108.7,11952.1,11890,10240.4,9766.3,12286.4,11581.8,12771,19330.9,21759.8,18654.4,20136.4
"233","Paclobutrazol",0.2,0.4,4.3,4.3,7,33,8.8,13.9,12.9,14,12,11.6,12,13.3,12.4,14.1,13.6,14.7,59.3,23,127,25.5,16.6
"234","Paraquat",2529490.9,2268057,2719683.6,3093432.8,2650693.5,2571990.9,2713001,2687273.3,3327198.8,3103592.4,3371611.1,2804444.2,2724197.5,3534181.8,2372464,3370931,3167688.8,2856142.8,3582634.6,3019527.7,3632360.6,3823189.6,4758281.5
"235","Parathion",3215895.7,2416030.9,2421022.2,3507601.6,2887616.7,2051858.3,53716.7,23583.1,1631.3,1028.8,1467.9,267.5,100.3,379.9,197.2,216.5,14.3,52.8,80,107.2,59.7,0.7,0.5
"236","Pebulate",318458.4,319947.3,294801.4,384422.2,312231.7,260399.1,161589.3,173383.3,116767.8,73985,104693.1,48535.1,47766,17718.1,9157.6,35083.8,7387.2,0,0,0,0,0,0
"237","Pelargonic Acid",0,0,0,700.8,81719.3,25085.7,1122.6,35159.9,63882.8,2585.1,2080.9,132989,62024.5,713.2,17463.7,1019.5,846.4,1192.4,510.2,5408.9,774.5,2496.1,2341.3
"238","Pendimethalin",10874120,11576340.1,12207324,13427632.7,12414971.2,13097340.2,10880020,9517160.6,8684618.7,7770931.7,7403821.2,6174530.2,7348525.4,6253265.6,6071349.9,6080992.4,6044484,6495931.3,7733476.3,7946314.5,6968011.1,6675563.2,8063543.6
"239","Penflufen",0,0,0,0,0,0,0,0,0,0,0,0,0,0,0,0,0,0,0,0,0,2868.6,5704.5
"240","Penthiopyrad",0,0,0,0,0,0,0,0,0,0,0,0,0,0,0,0,0,0,0,0,46141.7,76177.6,98528.3
"241","Permethrin",532191.2,457361.3,573371.2,641456.1,588993.2,505507.7,424917.5,372745.3,414929.7,366013.2,326007,256543.9,324148.8,304222.2,289048.9,291717.4,291357.5,280199.6,289930.8,260051,346275.2,285316.6,362125.5
"242","Petroleum Distillate",85343.5,677692.6,467464.1,287904,133358.7,98658.4,538464.9,992629.4,3281643.8,6728851.4,1784832,2277019.1,2910296.5,1723048.4,1389542.3,1464587.6,1297405.8,528497.2,628183.3,641120.2,586984.4,607686.4,600503.8
"243","Petroleum Oil",20947972.8,20473872.5,24164806.1,31873643.5,36149658.5,37894195.7,35687114.4,51348426,38508513.5,34428753.8,42041597.3,41613123.7,41650119.8,42387217.4,34157243.6,31482313.6,28557692.1,25906191.9,24231900.9,28138444.4,25821473.6,27028886.5,20452344.2
"244","Phorate",2396312.7,2617278.7,3259700.7,3005928.1,1949173.8,2770563.2,1739972.9,2837095.7,2330034.7,1739211.7,1441959.6,1045183.3,856871.8,911299.5,614643,805087.8,758204.7,408930.8,615351.9,539956.2,690237.1,714686.7,689162.9
"245","Phosalone",10365.6,9615.5,55505.9,3562.6,715.2,1873,5.1,3416.3,1.7,0,0,0,0,0,0,0,0,0,0,0,0,0,0
"246","Phosmet",705495.5,551692,588603.5,642409.1,664226.7,801878,680317.2,885682.3,875114.6,886657.3,844067.9,863562,980569,945054.3,796252.3,644196.2,590130,525778.3,564620.9,605867.7,374368.5,631034.9,389973.8
"247","Phosphoric Acid",102572.5,115366.8,114125.5,105997.3,111543.6,94291.4,78829.5,72082,56195.9,40857.8,70607.7,35543.4,180478.3,178059.9,277620.5,238395.4,150226.1,160747.1,161939.8,177060.9,540017.8,366327.7,591384.8
"248","Picloram",673039.3,1008574.5,1287251.1,1133152.7,921274.4,1009749,1062725.9,755290,935472.5,1007385,775736.3,986649.7,853842.7,480145.8,531399.3,864653.1,531150.6,851240.5,497511.8,343816.3,430839.3,448898.4,377598.1
"249","Pinoxaden",0,0,0,0,0,0,0,0,0,0,0,0,0,0,27089.2,74066.5,152888.7,134332.7,97327.1,129071.9,132900.5,128729.3,136778.9
"250","Piperonyl Butoxide",35652.5,35536.8,117743.6,67409.5,60643.2,17100.7,15551,6453.3,19400.7,3024.3,2541,14750.6,10358.1,3805.6,5572.5,65475.8,4778.3,6796.6,6086.3,4491.5,4864.5,7675.2,7375.3
"251","Polyhedrosis Virus",0,0,0,0,671.3,97.3,0,0,0,0,0,0.3,0.6,0,0,0,0.1,0.5,0.2,23,2.6,0.6,0.8
"252","Potassium Oleate",17034.4,62793.6,68210.3,37896,85404.1,55782.6,580.5,8949.8,11578.2,20467.7,20145.8,11004.5,108569.7,4337.5,9147.4,2331.8,17206.7,1463.2,15660.6,2212,6744.3,1421.2,3298.3
"253","Primisulfuron",31346.5,25005.4,52342.4,47432,64536.3,57821.6,53218.2,53855.2,55265.6,52546.5,44015,33153.5,31242.1,32246.6,24020.1,19790.8,11484.5,12041.8,15090.4,10886.9,15961.6,12773.6,14364.6
"254","Profenofos",718106.9,420380.2,572773.4,1536959.3,641975.2,402762.7,258090.4,162644.8,255028.6,87119.7,73271.1,161821.2,71978.2,114618.2,61220.9,76088.5,28875,8319.8,11093.1,3137.4,26.4,0,0
"255","Prometon",276498.8,64181.7,55322.4,77841.6,1636719.6,24958.9,2.5,0.6,1.1,0,0.6,0.1,4698.5,0,41850.7,0,264.3,0,0,2186.2,0,5.4,0.6
"256","Prometryn",923870.7,1126009.9,1194748.6,1266556.7,1255217.4,1031762.8,763270.9,948792.4,895791.7,812246.6,781000.6,646081.2,558293.6,436079.8,399658.1,342321.5,268743.3,410646.8,481098.1,825435.7,412265.5,729286.7,491399.3
"257","Propachlor",2740223.6,2569241.1,2228180.4,1398619.1,2474991.4,1330798,969741.8,806680.5,521984.9,270686.9,101730.3,0,68206.3,54822.2,0,0,0,0,0,0,0,0,0
"258","Propamocarb HCl",0,90.5,220.9,135826.3,84757.2,32960.4,95528.9,9278.5,23250.4,229318.3,10072.7,4803.5,10389.6,56639.8,86205.2,154265,117369.7,167246.2,160779.2,180695.5,200825.6,157916.3,170883.4
"259","Propanil",4909056.1,4583278.2,5347883.7,4201218.4,3984489.6,3173813.9,3685828.3,3930174.4,3101438.8,3183188,2934213.2,2823448,3080725.4,2618292.9,2421520.7,2478222.7,2028516.8,2202722.6,2425396.6,2128844.6,2294520,2587717,2449435.2
"260","Propargite",1141140.6,1185059.3,2111227.2,1364992.7,1513015.4,1435938.4,1306859.4,1795499.8,1268838.8,730433.9,1228754.5,1247713.2,1074332.8,822407.2,425685.7,1347166.5,1273289.7,1528829.8,212555.7,1312715.5,1832820.2,1011579.9,663271.2
"261","Propiconazole",274190.1,224004.9,275581.1,368734.2,359327.8,272941.6,223450.8,185931.8,247724.2,194226.1,233322,295048.3,212038,413066.3,273839.4,478368.8,939314.5,725832.7,712094.7,934234.1,994746.7,937628.8,938200.3
"262","Prosulfuron",0,0,0,11710.5,45485.3,58158.8,43265.5,34473.6,32217.5,40072.9,23300.3,24835.7,29250.5,29721.2,16763.7,22785.6,12146.8,10646.7,19821.2,12662.9,10206.4,25036.8,18943.2
"263","Prothioconazole",0,0,0,0,0,0,0,0,0,0,0,0,0,0,0,62724.1,226369.9,129439,139277.6,249257.8,284384.1,292377.2,345686
"264","Pymetrozine",0,0,0,0,0,0,0,2.5,9457.6,6816.6,5173.6,7907.6,6013.5,6236.1,7302.4,9473.3,7827.4,8893.4,7474.8,16853.4,18244.8,17759.4,16010.9
"265","Pyraclostrobin",0,0,0,0,0,0,0,0,0,0,115.3,208783.5,255917.2,417119.3,417117.1,822882.4,1351930.7,1016764.1,1057269,1303013.5,1036978.4,1240067.3,1257183.6
"266","Pyraflufen Ethyl",0,0,0,0,0,0,0,0,0,0,0,363.5,1442.6,1486.5,1529.5,2309.4,1038.6,779.9,1858.6,2164.7,2485.8,2916.3,2698.6
"267","Pyrethrins",1567.7,911.3,8460.7,3052.6,7274.6,1523.7,1573.9,892.7,2271,502.4,693,1964.2,1093.7,1081.6,1674.1,8920,2821,5062.5,3181.6,7286.8,2162.6,3419.9,3099.7
"268","Pyridaben",0,0,0,0,0,5046,17220.5,11988.8,27030.5,32130.2,32878.6,31845.4,27296.7,28391.3,18451.5,13201.3,14664.3,25466.9,9937.7,17543.7,22539.4,15753.9,23504.6
"269","Pyridate",0,9355.8,68388.5,123428.8,237168.4,265418.3,432766,171058.8,337100.9,143406,82028.9,351.6,41.6,71.1,0,0,0,0,0,0,0,0,0
"270","Pyrimethanil",0,0,0,0,0,0,0,0,0,0,0,0,0,9454.4,33360.5,49807.6,74151.8,38845.1,55772.4,76477.9,57506.3,93693.1,128671.2
"271","Pyriproxyfen",0,0,0,0,728.9,3872.3,4767.3,2652.3,7566.2,6971.4,9287.3,7463.1,10191,8912.8,7880.1,9115.3,8516.6,9678,7262.6,8083.8,10445.4,14462.5,12824.2
"272","Pyrithiobac-Sodium",0,0,0,100.1,59475.7,88716.7,124201.4,41697.5,35653.2,35620.7,28755.3,24988.1,26189.5,42099.6,30466.8,21677.7,17009.4,27822.5,35954.3,60683.1,29904.1,27023.2,41362.8
"273","Pyroxasulfone",0,0,0,0,0,0,0,0,0,0,0,0,0,0,0,0,0,0,0,0,2286.6,191252.7,460259.1
"274","Pyroxsulam",0,0,0,0,0,0,0,0,0,0,0,0,0,0,0,0,0,9044.2,20255.6,20034,27103.3,27652.9,28982.7
"275","Quinclorac",39460.5,64908.2,122082.7,135091.5,144249.9,152763.2,214242.9,209259.5,175280,175388.5,180766.2,146239.3,147606.3,148254.6,99985.2,120254.2,110648.1,117561.2,191051.9,131912.8,174974.4,201426.5,183440.2
"276","Quinoxyfen",0,0,0,0,0,0,0,0,0,0,0,0,4101.8,6386.6,9081.4,12416.5,11487,17575.5,20465.1,21790.7,26196.5,30343.3,28724.3
"277","Quintozene",601742.2,561845.3,879206.7,700551.2,501456.6,484747.2,355450.2,469367.1,664429.3,540766.5,317236.4,392415.2,541830.6,373372.9,220644.5,300748.8,284749.5,300307.8,369953.3,13956.4,84393.6,33444.7,95061.6
"278","Quizalofop",75910,102126.9,105817.7,137962.6,130154,124285,98352.8,75568.1,57690.9,68059,58958.7,47951.8,47975.5,66659.9,58833.5,37893.2,51820.2,42831.5,48115.6,45484.6,48513.3,90863.2,73292.7
"279","Rimsulfuron",0,0,0,3987.6,10072.1,19319.5,41307.8,49265.3,49191.9,42441.3,57328.8,53525.8,53205.4,44994.5,45720.1,38798.1,39734,46273.7,49762.2,65728.3,76227.6,78720.8,102868.5
"280","Rotenone",15270.5,58436.6,37389.9,6700.6,4697.3,12421.8,7912.6,480.6,671.9,147.2,174.9,4360.8,212.5,289.7,461.5,398.5,689.2,2603.2,32.3,14.3,1.1,1.2,0.6
"281","Saflufenacil",0,0,0,0,0,0,0,0,0,0,0,0,0,0,0,0,0,0,98840,134704.7,178335.5,235612.9,286988.4
"282","Sedaxane",0,0,0,0,0,0,0,0,0,0,0,0,0,0,0,0,0,0,0,0,0,3154.4,9897.4
"283","Sethoxydim",577753.6,713941,811343,841241.2,816943.7,631102,591491.3,643892,454545.9,408439.6,381007,310719.3,318333.9,313622.7,187241.3,164231.7,215264.1,190379.3,184163.8,190381,131132,136328.3,136617.7
"284","Simazine",2811785.3,3054233.5,3758389.2,3366180.2,3565924.7,3201876.3,3638406.9,2885009,3823893.6,3562605.8,3988908.8,3914236.2,3306065.3,3692989.3,3584494.6,4204888,4328793.6,2927996.9,3178268.6,3675378.5,2835886.4,3230822.7,3751658.2
"285","Sodium Arsenite",38076.9,11660.6,7570.1,81.1,23.6,0,0,109.7,71.4,35.7,0,0,0,0,0,0,0,0,0,64.3,0,0,0
"286","Sodium Chlorate",4014259,4212257.7,4570282.2,5828768.7,14807923.1,2417409.6,1826209.9,1545377.3,1660109.5,1787417.4,1713787.4,1399165.1,1032555.3,881105.7,881240.2,496634.7,325924.1,186113.3,538642.2,420507.7,466205.5,195313.5,152278
"287","Sodium Metaborate",302666.5,1952008.1,89156.6,125748.6,15069169,43110.9,7,0,0,0,3.6,0,0,0,0,0,0,0,0,0,0,0,0
"288","Spinosyn",0,0,0,0,0,17889.2,54983,74616.4,87906.3,95334.3,96762.8,68507.2,75574.9,79901.2,78749,76589.7,47794.9,37087.2,40420.1,42108.5,29606.4,33280.6,36608.5
"289","Spirodiclofen",0,0,0,0,0,0,0,0,0,0,0,0,0,2128.3,19487.1,31666.2,35014.2,41931.3,49693.5,42124,36549.7,49549.4,51987.9
"290","Spiromesifen",0,0,0,0,0,0,0,0,0,0,0,0,0,7149.3,61866.2,30183,105070.7,105785.4,147725.6,254150.7,112691.6,115396.2,103972.4
"291","Spirotetramat",0,0,0,0,0,0,0,0,0,0,0,0,0,0,0,0,1381.4,7939.2,9209.6,28691.6,43810.4,40692.9,51776.5
"292","Streptomycin",12973.4,14087.2,12732.5,22297.3,51038.6,26901.1,21202.2,10335.5,14812.1,12176.1,11456.1,17150.4,12486.1,39145.9,28801.8,32427.4,11164.9,14260.9,16356.4,16473.2,13929.4,22902.6,22880.8
"293","Sulfcarbamide",90987,7076.4,86240.4,529586.6,1019845.1,1102391.7,1001428.8,1647532,1813705,2038214.5,2218716.8,1711223.7,1684237.2,1915980,1123499.7,1105395.4,581581.6,742666.5,431105,465464.1,385836.8,292802.6,250942.6
"294","Sulfentrazone",0,0,0,0,0,183523.5,275684.1,256749.8,260775,303174.6,360696.7,387052.5,401620.7,250248.7,199397.7,261303.8,252361.8,326146.7,299623.1,482013,653368.6,883115.6,1303819.2
"295","Sulfometuron",935.5,6000.9,2563.3,3870.8,772.4,3276.5,416.6,553.4,60.2,413.1,271.2,309.1,375.8,231.3,71.1,20.6,0.1,0.4,0,1.2,1.5,0.1,0
"296","Sulfosate",7766.1,4902.8,3905,38385.7,545798.3,994179.5,1471584.7,2547474.9,3725948.3,5206093,2017111.9,2674945.7,1519431,1727893,953157.7,2711.7,964.7,298,117.6,18.3,56.8,18.5,119.5
"297","Sulfosulfuron",0,0,0,0,0,0,0,6776.4,22351.2,20300.4,34159.5,24555,32453,12469.6,12087,30344.8,14817.2,15117,6937.8,15710,10818.8,16827.5,8957.1
"298","Sulfoxaflor",0,0,0,0,0,0,0,0,0,0,0,0,0,0,0,0,0,0,0,0,1395.2,16121.8,39950.4
"299","Sulfur",35339297.3,38872892.6,38350885.9,38338764.8,34787744.5,36738529.7,41860406.9,38899949.5,35870611.1,29498422.5,30598805.4,29655613.1,30237253,33852752.7,26374920,26061674.7,22423158.3,23224910.1,24977594.5,28112697.1,26430336.1,25847863.8,28029103.4
"300","Sulprofos",398302.8,137628.7,109070,318122,21550.6,28307.7,38265.1,1976.8,28857.5,26842.7,0,0,0,0,0,0,0,0,0,0,0,0,0
"301","TCMTB",0,0,543.5,2564.9,0,4505.9,0,0.4,0.1,0,0,0,0,0,0,214.8,261.1,1958.4,2966.1,4527.3,2257.3,2262.1,5345.6
"302","Tebuconazole",0,0,70751.2,156906.1,152885.8,142150.6,254738.9,219199.3,186812.9,191065.6,169386.2,230954.4,274681.5,357074.6,258379.4,309862.6,356052.3,376500.7,495258.6,593191.7,724370.9,610861.9,786367.1
"303","Tebufenozide",0,0,0,61038.6,25673.2,6965.5,23503.5,34247.2,95040.9,59239.1,60480.5,70665.3,40538.9,19726.4,14934.7,14879.1,6202.2,7652.8,7980.2,6148,5691.6,7660.8,3960.6
"304","Tebupirimphos",0,0,0,0,106831.2,134143.2,176013.9,122918.4,194295.9,217217.3,210553.9,336868.5,447207,409455.4,202299.9,285695.4,155596.6,146771.4,187166,175640.8,126660.6,182230.8,174600.2
"305","Tebuthiuron",182938.4,100524.9,302568.5,617662.1,306917.3,95214.1,272732.7,127053.8,58859.5,316351.9,33373.5,169404.1,336814.1,3943.4,33473.1,6801.9,19677.7,322.4,699.9,13219.9,19056.3,6989.1,183.7
"306","Tefluthrin",161512.8,191293.9,223171.1,236983.6,381847,342268.1,355893.8,276807.6,313147.8,283369.4,380059.9,443817.2,376667.6,342644.4,367533.5,320133.8,258229,170771.9,125644.3,141328.4,216696.1,269529,234624.3
"307","Tembotrione",0,0,0,0,0,0,0,0,0,0,0,0,0,0,0,0,78508.5,120332.3,118323.8,153132.5,225524.9,277881.4,234543.2
"308","Terbacil",190253.2,177188.1,154079.4,279329.5,82533.5,47314.7,118272.6,173777.6,130137,41381.3,83718.8,335479.1,167074,163546.8,237065,146560.6,51162.2,60169,93091.9,24369.2,14008.2,41018,58919.1
"309","Terbufos",4053861.9,3614953.8,4210558.9,4366975.6,3956941.2,4495945.6,3752547,3090457.8,2563814.6,2015828.4,2117593.4,2050760.5,1672398.2,754914.3,689137.2,1166661.6,358294.5,845688.7,419280.9,748144,772052.8,951559.5,1373444.1
"310","Tetraconazole",0,0,0,0,0,0,0,45897.5,50987,42979.1,46157.3,34962.9,31863,41364.7,29717.9,95248.5,111016.2,69804.6,89992.6,95545.9,71693.9,73097.5,93238.6
"311","Tetrathiocarbonate",4363.9,63671.7,39016.9,103310.6,453369,388754.6,413492.5,324761,279062.6,172136.9,192494.9,98706.7,119038.5,155236.8,85068.8,181814.4,160759.5,107832.4,107727.5,70023,22545.7,188.1,54.5
"312","Thiabendazole",51209.4,16731.1,30437.8,10707.7,44152.2,3996.9,5.2,7.9,3,6.9,5.9,11.3,7.8,162.6,3.2,0.7,8227.7,4348.8,6776.1,13516.7,8525.2,8421.2,10575.9
"313","Thiamethoxam",0,0,0,0,0,0,0,0,250.6,4497.7,27609.1,27950.6,105032.5,163462.9,255185.6,275404.3,344949.9,478719.8,453602.1,582240.2,607261.5,581712.4,684282.5
"314","Thidiazuron",22610.1,64866,28304.3,67339.4,46302.9,40404.7,102399.4,123040.4,110878.9,130806.9,138875.9,102605.4,133154.2,112571.5,116038.1,143697,64749.9,84079.3,139338.7,152863.9,164022.8,133382.3,152138.2
"315","Thiencarbazone-Methyl",0,0,0,0,0,0,0,0,0,0,0,0,0,0,0,0,0,16275.8,39992.8,65714.8,91237.1,97481.4,115896.8
"316","Thifensulfuron",41226.9,46515.7,59643.8,64415.9,71219.4,66406.5,59110.8,47159.4,53993.2,50919,51164,73416.6,57500.1,60400.6,56451,61605.8,76259.3,65049,67310,72319,91117,99359,125039.2
"317","Thiobencarb",808573.5,831422.2,880896.7,869935.8,709820.4,1003375.6,741093.1,681861.6,549965.6,395316.6,433557.1,370544,337092.7,215063.7,193585.6,297655.5,485133.4,293254.7,243393,512165.4,405446,561817.6,522742.7
"318","Thiodicarb",393509.3,532141.6,631705.9,1217525.4,376174.8,314297.9,261434.2,327273.8,63454,62018.7,92139.9,35362.5,116386.2,71697.5,16581.9,141290.9,56975.2,33234.8,49642.5,100825.9,38654.3,14736.1,20593.7
"319","Thiophanate-Methyl",384172.6,304003.4,264030.7,315978.6,389113.7,385356.5,276716.1,369497.5,176543.4,187042.9,266216.6,349967.9,327823.9,456615,361398.7,394712.6,292421,486962.9,720792,608730.4,706760.8,610952.4,1143465.1
"320","Thiram",76324.9,159331.4,83159.1,83283.8,82945.6,55966.8,264311.2,262785.3,115491.1,187668.8,164594.7,136985.3,110200.3,132131.1,59032.2,32137.4,30599.3,66751.1,109980.9,135232.1,206537.8,116478.2,164051.5
"321","Topramezone",0,0,0,0,0,0,0,0,0,0,0,0,0,0,3062.8,10376.2,9928.1,12706.1,11616.8,15452.8,22054.8,32612.3,33533.4
"322","Tralomethrin",19163.5,24049.8,27803.5,26996.5,23242.6,16076.6,8439.9,7239.1,5990.8,4899.3,5406.3,2728.9,280.7,2322.4,67.8,0,55.2,0,151.7,0,0,0,0
"323","Triallate",1162059.6,1104749.2,1249138,2058040.7,1748389.4,2688724.4,1730540.1,1643274.1,1123939.5,728801.9,809435.5,758898.4,558389.3,334099.4,573665.9,299593.2,379354.2,281538,59372.3,558008.8,74640,209035.3,54157.9
"324","Triadimefon",131227.6,146953.8,71924.1,166595.2,53944.6,42338.6,44759.4,10465.9,7205,8457.1,6555.9,3331.9,2731.6,3150.9,3572,2105.8,597,416.5,220.9,265.7,124.6,41.2,51.3
"325","Triadimenol",0,0,0,913.5,0,167.5,0,0,0,0,0,0,0,0,94.2,156.8,80.7,248.9,269.3,2637.6,1913.2,2807.5,4523.2
"326","Tribenuron Methyl",31397.6,32649.4,32139.2,41445.4,43175,40189.2,35506.4,43819,30201.7,35387.5,28653.1,35988,30072.8,30359.6,22847.6,31923.2,45065.2,28871.4,30297,34547.9,48245.1,48558.2,61174.3
"327","Tribufos",697883,861664.6,946134.8,1280241.9,1209046.3,965250,1913209,1751564.4,1862560.1,2127051.8,1641931.5,1519464.5,1324770.2,1258773.2,1105077.8,1277207.7,759116.1,840529.2,1100528.4,1146330,1115091.5,909637.2,876062
"328","Triclopyr",518740.2,626853.7,640647.7,1223974.6,1841131,1831133.9,1995800.1,814261.2,1226413.5,1220472.5,1244256.9,1126280.3,834387,688698.1,794869,827075.7,685229.3,561661.9,747400.6,682541,546292.9,841083.9,882779.6
"329","Tridiphane",278492.4,86499.5,313662.5,398359.6,0,16195.9,0,0,0,0,0,0,0,0,0,0,0,0,0,0,0,0,0
"330","Trifloxystrobin",0,0,0,0,0,0,0,192.1,27344.2,31931.5,53256.8,100447.2,81742.1,129179.1,112845.9,165688.2,222801.1,347417.2,261474.1,352496,450556.7,440983.2,526562.1
"331","Trifloxysulfuron",0,0,0,0,0,0,0,0,0,0,0,0,3987.4,2361.9,2715.7,4590.9,1865.8,2327.2,2304.8,4973.5,2863.1,2392.9,1624
"332","Triflumizole",0,0,0,6891.4,28851.6,51489.9,48207.7,49491.9,34030,39162.7,34288.6,48015.9,39777.7,44023.5,44005.2,43143.6,46714.6,65061.9,64813.9,55825.6,56287.8,68862,60430.3
"333","Trifluralin",12425239,13019143.2,13894714,13389330.7,12571810.3,11848662.5,10354229.6,10088297.3,9335073,6603311.6,6301922.5,6132621.4,5390825.6,4909451.2,4747057.5,4792897.8,3433017.9,3682208.9,3921278.3,3969891.5,4473431.2,3694521,5064643.7
"334","Triforine",32088.9,34458.1,26938.5,28030.1,24304.2,12099.1,26137.9,698.9,545.4,1165.2,19.5,15.8,2.7,46.2,11.9,408.8,0.7,0,0,0,0,0,0.3
"335","Trinexapac",0,0,0,2.9,25.1,688,14.5,23.2,0.5,19.2,23.9,5.1,127.4,83.8,0.4,41.5,1.1,1,0,0,0.1,45.3,5.4
"336","Vernolate",296797.9,251199.4,154413,112334.2,334891.2,192981.1,128779.9,35510.6,5133.7,0,0,0,0,0,0,0,0,0,0,0,0,0,0
"337","Vinclozolin",61500.3,50076.7,44730,65679.6,59642,62156.4,93768.1,56945.5,51149.1,41301.1,42888.9,34598.4,59642.1,34151.7,193.6,1928.7,7998.2,58.2,3.2,5.4,2.3,1.8,0.7
"338","Zeta-Cypermethrin",7340.8,12836.8,53026.7,58808.3,72128.9,26502,29764.1,21727.3,21333.4,27070.6,108927.6,123357.8,103035.1,80852.4,85773.9,103233.7,116868.4,94661.9,107525.7,97196.2,126839.7,147882.5,133596.6
"339","Zinc",25769,5340.2,20599.8,30579.4,53415.4,61489.2,31139.5,12025.5,40964.2,44400.5,32580.2,16251,3645,23941.4,21028.5,12647.7,11948.8,386.7,5384.6,35553.8,7201.3,236.5,19416.7
"340","Ziram",1210666.5,952865.7,812179.7,1199712.8,1298152.4,1074522.4,1290738.1,1126677.3,873710.2,687668.1,691836.7,819224.8,805680.5,930457.8,1062394.1,855109.2,889614,624400.5,849714.2,722223.6,760703.4,610803.8,753834.2
"341","Zoxamide",0,0,0,0,0,0,0,0,0,9691.5,8667.4,9510.5,36343.1,4440.2,10518.5,22687.6,1799.2,13646.9,10095.9,22812.1,9454.8,11315.8,15607.5
"342","Acequinocyl",0,0,0,0,0,0,0,0,0,0,0,0,0,975.6,6833,2281.5,2865.9,4038.2,6938.2,4461.5,2259.8,6316.6,6774.2
"343","Acetamiprid",0,0,0,0,0,0,0,0,0,0,9017.6,25120.1,46674.4,41263.4,44389.4,35865.5,63904.3,30207.9,35695.6,41775,36286,35485.9,42390.4
"344","Aluminum Phosphide",6381.9,4240.3,13954.3,10895,27865,9759.9,8036.1,5418.1,2345.1,14111.7,3021.4,2048.9,2242.8,1661.4,3104.4,2924,16694,18063.6,14250.2,13941,16530.1,13566.3,15043.4
"345","Ametoctradin",0,0,0,0,0,0,0,0,0,0,0,0,0,0,0,0,0,0,0,0,2525.9,6561.9,8083.6
"346","Anilazine",98536.3,28802.5,24140.7,8139.9,5531.2,1564,2649.1,1279,1108.8,483.5,51.2,258.6,285.1,0,0,0,0,0,0,0,0,0,0
"347","Aviglycine",0,0,0,0,0,1140.5,2315,2197.5,1433.5,2259.9,2136.6,1667.3,1070.3,1473.3,2522.9,2249.7,2289.8,2231.7,2866.3,3133.7,2598.9,3886.2,3942.5
"348","Bacillus Pumilis",0,0,0,0,0,0,0,0,0,0,0,0,0.4,1752.9,2759.4,3322.2,3775,3244.4,3480.8,3542.5,3659.5,3149.3,3711
"349","Bensulfuron",63458.7,42899.8,21651.4,29753,22308.1,17146,15608.3,10239.7,10357.8,9122,8531.2,7264.9,8089.5,6921.6,5341.7,3801.5,6370.5,6178.5,3918.9,4613,3485.7,5107.9,3931.4
"350","Bordeaux Mixture",4174.9,5313,4310.5,40716.8,25.8,259.1,13883.5,784.1,0,0,3116.2,8847.3,0,535.2,118.9,1741.4,0,0,451.8,0,0,0,0
"351","Chinomethionat",96124.6,52425.2,46520.8,28685.6,19410.3,9977.7,1715.5,1535.9,1889.2,156.3,45.4,7.1,9.8,1.9,2.7,1.1,0.4,0.7,0.4,0.1,0.1,0,0
"352","Chloramben",240743.9,217093.6,165088.3,263438.3,96334,54404.2,8.7,0,0,0,0,0,0,0,0,0,0,0,0.1,0,0,0,0
"353","Chlormequat",65.7,699.4,997.6,47.5,43.8,54.3,88.5,207.2,61.7,106.6,109.1,129.5,111.7,102.4,75.1,84.5,53.2,55.6,51.5,218.7,65.2,59.5,63
"354","Chlorobenzilate",836.7,907.6,48.4,39.1,57.8,50.7,0,3.4,2.1,26.9,0,0,0,0,0,0,0,0,0,0,0,0,0
"355","Cinnamaldehyde",0,0,0,0,0,0,0,3005.1,5023.5,2202.5,455.8,85,140.9,10439.8,2.5,0.8,160.7,0,0,0,0,0,0
"356","Clodinafop",0,0,0,0,0,0,0,0,2460.8,26456.7,44151.2,44156.3,60649.5,107716.9,46126.1,40714.9,66775,35550.2,47410.6,32348.7,26204.3,37228.6,31614.4
"357","Coniothyrium Minitans",0,0,0,0,0,0,0,0,0,0,0,0,740.5,126.5,536.9,15.6,59.9,757.4,824.6,888.9,2528.3,422.5,577
"358","Copper Octanoate",0,0,0,0,0,0,0,0.3,0,0,0,0,0.1,66,1424.2,1640.7,1390.9,1360.2,3005.5,1750.8,2089.5,4455.6,7771.7
"359","Cryolite",2316343.3,1577290.1,2134868.3,1225537.4,1255015.5,1222549.9,1131494.5,1073027.9,1089665.5,618784.8,505385.3,396954.2,619576.1,303101,318832.4,727769.2,256156.7,514050.4,552165.2,260127.2,336994.4,261993.8,349480.5
"360","Cyanamide",51883.2,82246,86628.3,66159.8,64757.3,85191.7,51502.3,119213.6,88766.4,124358.1,88801.1,102885.7,125106.8,110891.3,105227,119981.5,100011.2,97762.1,127500.6,147243.8,183505.1,209708,229497.3
"361","Cycloate",555136.7,484648,483137.8,421579.2,390796.3,250055.3,347689.1,227377.7,196539.5,154292.1,147723,107768.1,114769.4,115719.2,61398.7,261315.6,12177.8,14491,21547.7,15981.2,18095.3,14786.9,17744.6
"362","Cyflufenamid",0,0,0,0,0,0,0,0,0,0,0,0,0,0,0,0,0,0,0,0,24,1085.1,674.3
"363","Dazomet",418.5,53.2,29.3,724.9,27040.7,2428.8,1332.7,2360.4,546.7,1348.3,994.2,7113.5,7386.7,679,2685.7,3820.5,1046.4,606.9,788.8,3342,3056.1,837.5,582
"364","Desmedipham",103373,103508.9,109903.8,147597.2,160027.3,170201.8,156362.1,173577.1,179277.9,106460.2,114239.3,122735.4,105348.6,104713.4,85729.1,95675.3,37802.2,4803.1,4364.8,7890.5,1766.5,1637.2,6577.7
"365","Diethatyl",174621.8,122321.6,93084.1,58881.5,14534.4,5071.8,3385.1,4336.7,2012.3,1128.1,279,512.5,109,0,0,0,0,0,0,0,6.1,0,6.8
"366","Difenzoquat",168182.1,279761.8,222921.8,325901,339165.7,543247.1,317885.3,312201.8,212620.4,99848.5,83257,280234.4,78905.8,19898.2,2535.3,1648.6,14913.5,0,12896.1,1165.3,0,0,0
"367","Ethofumesate",85326.4,77284.9,330907.1,203320.4,182696.1,148329.2,77250,61364.7,78024.6,59788.1,239238.1,234908.4,529012.7,191906,284111.7,328656.3,108555.5,17549.7,10871.3,43448.8,16727.2,23135.4,46889.3
"368","Fenamidone",0,0,0,0,0,0,0,0,0,0,0,0,0,6192.1,7292.9,13531.2,10932.7,12652,16159.4,16211.8,25533,17231.4,18498.4
"369","Fenhexamid",0,0,0,0,0,0,0,6645.7,19592.3,23745.3,34123.9,42912.4,35767.4,43998.1,33654.1,31161.6,31334.7,34889.4,49597.9,46646,52039.4,48973.4,51802.7
"370","Fluvalinate-Tau",2590.1,829.6,1102.7,2847,1193.3,744.9,645.4,646.9,576.4,584.9,497.4,378.8,357.8,257.2,267.8,218.9,300.4,300.6,237.8,223.6,225.2,297.7,338.6
"371","Fosetyl",310292.5,250485.9,264507.4,300322.8,371916.7,330699.9,433558,389566.4,362882.3,206991.8,169161.1,180438.4,171413.9,222837.3,211607,200178.7,119304.3,98240.1,159688.9,182223.2,187145.3,197577.9,164504.9
"372","Hexythiazox",0,0,0,96.9,3602.9,2901.8,2832.7,5204.3,2904,2781.5,5991.3,5577.7,7766.4,8674.7,11608.9,11238.3,11991.9,18258.9,46613.8,34572.5,33336.5,67462.2,71734.4
"373","Hydrated Lime",752525.8,883738.5,755343.6,877042,996625.4,1445692.4,1308289.4,1236548,864669.2,703227.9,867601.5,74883.3,44407.2,69415.1,69438.1,48407.4,44629.9,14385.7,7011.8,39102.6,17876.5,38384,165385.7
"374","Imazamethabenz",138741.2,275504.3,365125.6,227881.5,280873.4,207238.4,299925.5,136300.8,187840,95190.9,143400,154387,117020.6,52750.3,53481.1,51371.8,45499.5,41966.3,9524,8818.6,2077.1,0,0
"375","Kaolin Clay",0,0,0,0,0,0,0,0.4,73934.3,659826.1,805052.3,1357859.3,1488913.3,971234.3,1987676,1579601.9,1734632,2294890.4,2594875.8,1129775.7,1594808.4,1735594.1,2028568
"376","Metam Potassium",0,0,0,0,0,1035.3,4146.3,0,956815.5,550911.8,1095792.6,2105915.8,2985346.8,1197725.1,3006060.4,5464883.3,8052293.5,9659760.6,10473553.3,7817006.7,15952779.1,14809416.9,11752547.1
"377","Metrafenone",0,0,0,0,0,0,0,0,0,0,0,0,0,0,0,0,0,0,0,17483.4,13349.3,14445.1,21581.5
"378","Myrothecium Verrucaria",0,0,0,0,0,0,2514.4,2559.2,4310,345.1,18047.6,636,19077.9,13243.3,626.7,717.2,10833.5,10555.1,10345.2,14752,13004.4,40500.8,8097.8
"379","Naled",112179.8,181939.3,348898.6,466494.1,562748.3,433740.5,115208.4,130356.3,176717.5,110409.7,96555.5,81553.8,62297,96294.5,326629.7,224951.2,57690.1,64002.6,133966.4,98377.4,68199.5,101431.7,69358.9
"380","Naphthylacetamide",84.5,303.8,1232,1085.1,2970.3,405.7,413.5,745.9,741.6,663.2,615.8,695.1,436.7,426.1,1123.7,280.8,288.8,339.9,277.8,292.5,961,199.5,236.7
"381","Neem Oil",0,0,0,0,8040.9,35445.1,135149.6,98501.2,221166.7,68347.2,160927.8,135178.1,59769.3,248121.6,233045,65251.2,279161.9,64119,53275.6,36966.7,99778.2,58022.1,134564
"382","Nosema Locustae Cann",9.6,0,0,0,0,25.7,0,0,0,0,0,0,0,0,0,0.1,0,0,0,0,0.3,0.2,0.1
"383","Penoxsulam",0,0,0,0,0,0,0,0,0,0,0,0,0,1309,1428.7,2402.5,4154.1,2923.2,3855.4,4695.5,4948.3,5925.2,7250.9
"384","Phenmedipham",74817.7,70974.6,59097.2,86178.4,65760,64741.7,75112.6,70412.2,78819.6,68793.9,75864,91517.6,83899.6,87350.7,67246.8,81444.2,28518.2,5394.9,5092.8,8774.4,3249.6,2517.3,5803.6
"385","Phosphamidon",43410.5,31783.7,18465.6,3641.8,16641.9,1038.8,177.7,44.3,0,271,0,22.1,0,0,10.9,0,0,0,11.4,0,0,0,0
"386","Polyoxorim",0,0,0,0,0,0,0,0,0,0,0,0,0,0,0,0,11.2,16.4,366.3,1315.2,1937.7,2746.1,0
"387","Potassium Bicarbonate",0,0,0,0,0,12.5,29963.4,40014.7,60394.3,61119.1,89370.7,166019.6,86828.9,196162.6,178384.6,100093.2,66235.7,114913.5,150287.6,187015,159994.7,144393,115973.8
"388","Propyzamide",112944.4,108795.1,86187.3,80861.5,79561.6,110865.3,131423.9,81245.1,80927.7,72939.9,115506.2,65309,72932.6,70836.9,71127.6,67281,65184.1,48640.7,40508.5,39350.3,33633.1,34499.6,28451.9
"389","Pyrasulfotole",0,0,0,0,0,0,0,0,0,0,0,0,0,0,0,0,32846.6,60022.5,54595.3,72284.6,79136.9,85130.4,81548.1
"390","Ryanodine",5.2,7.6,5.8,0.1,9.5,15.4,0.8,0.1,0,0,0,0,90.7,0,0,0,0,0.2,0,0,0,0,0
"391","Sabadilla",6182.5,856,525.1,262.9,891.1,635.3,527.4,284.8,253.9,151.8,135.2,164.3,111.9,119.8,79.5,97.6,89.1,39.8,29.6,14.9,30,44.8,22.7
"392","Spinetoram",0,0,0,0,0,0,0,0,0,0,0,0,0,0,0,163.4,26279.5,36926.9,36805.9,40041.5,49360.3,57941.8,62088.5
"393","Sulfuric Acid",388217,335634.6,147526.9,439497.8,1057443,968325.2,378864.2,792038,13207344.6,16366365.5,20101332.3,21424969.7,22722803.1,14681239.5,20979664.9,14946793.7,120844.5,11051591.8,14527377.5,4259806.4,7285723.1,10579540.2,8098067.3
"394","Temephos",0,1798.2,131.5,1442.9,0,0,0,0,0,0,0,0,0,0,0,0,0,0,0,0,0,0,0
"395","Tetraborohydrate",13.6,0,3548.7,17.3,33.3,54.3,34,835.3,434,2046.8,5190.3,2202.3,3461.9,1978,1888.3,856.5,486.4,555,147.6,352.1,152.8,314.8,386.5
"396","Thiazopyr",0,0,0,0,0,927.6,148.9,798.7,1476,1198,3488.2,1193.8,811.5,2869.2,6503.4,1176.9,1598,146.9,59,1356.5,1536.3,1286.1,0
"397","Tralkoxydim",0,0,0,0,0,60.5,1873.3,77949,123240.1,41045.8,49707.4,111512.5,77050.2,77657.2,21662,41017.5,31242.6,22563.6,46662,12369.7,2063.8,4995.3,2479.1
"398","Trichlorfon",164109.8,92079.2,129.2,3182.8,83603.5,63,64.3,5.4,0,0,0,0,0,0,0,0,0,0,0,0,0,0,0
"399","Triticonazole",0,0,0,0,0,0,0,0,0,0,0,0,0,0,0,0,0,1607.4,3047.8,3608.8,4073.2,8559.4,17338.8
"400","Zineb",2728.2,4150.9,369.8,1998.4,904.7,28.4,154,0.5,66.7,25.2,0.7,15.9,0,0.4,0.5,0.7,0,0,0,0,0.1,0,0.7
"401","Arsenic Acid",391301.9,202364.8,80091.1,54310.6,0,0,0,0,0,0,0,0,0,0,0,0,0,0,0,0,0,0,0
"402","Bispyribac",0,0,0,0,0,0,0,0,0,0,37202.6,1674,3229.8,1528.9,1781.1,1556.5,2212.3,3738.8,2645.5,3027.4,3272,3962,5452.7
"403","Collectotrichum Spores",281.9,0,0,0,0,0,0,0,0,0,0,0,0,0,0,0,0,0,0,0,0,0,0
"404","Cyhalofop",0,0,0,0,0,0,0,0,0,2489.7,11940.4,45683.5,74281.1,83984.2,48025.2,36003.9,42907.6,41740.2,41748,39264.4,24983,55418,40907.2
"405","EPN",518.3,0,83.4,83.4,0,0,0,0,0,20.9,0,83.4,200.3,104.3,3.7,3.1,0,0,239.5,0,0,0,0
"406","Florasulam",0,0,0,0,0,0,0,0,0,0,0,0,0,0,0,0,1354.6,3041.2,2470.8,3680.1,4302.5,6649.9,5692.8
"407","Flucarbazone",0,0,0,0,0,0,0,0,0,4600.5,7584.6,8277.1,19535.8,16238.6,26901.8,13491.8,27868.2,15388.6,17043.7,25286.3,37356.1,24259.1,26552.7
"408","Fluchloralin",7434.7,0,111315.6,4556.2,0,0,0,0,0,0,0,0,0,0,0,0,0,0,0,0,0,0,0
"409","Flusilazole",0,0,0,0,0,0,0,0,0,0,0,0,0,0,0,0,38726,41929.8,0,0,0,0,0
"410","Imazosulfuron",0,0,0,0,0,0,0,0,0,0,0,0,0,0,0,0,0,0,0,0,8654.3,12624.4,11255
"411","Iodosulfuron",0,0,0,0,0,0,0,0,0,0,0,530.6,580.6,456.4,342.4,510.3,912.2,1945.4,921.8,2480.4,2344.6,2374.9,2954.1
"412","Isazofos",0,0,0,10837.9,0,0,0,0,0,0,0,0,0,0,0,0,0,0,0,0,0,0,0
"413","MCPB",166461.4,111990.8,164873.2,64647.8,20460.3,26282.3,9295.7,17863.5,8798.3,12308.3,8749.6,8286.1,10337.1,8201.1,10047.8,8661.5,13494.8,11932.6,7210.6,11331.5,8875.8,9324.5,11787.4
"414","Orthosulfamuron",0,0,0,0,0,0,0,0,0,0,0,0,0,0,0,681.6,4164.4,1902.2,3722.1,737,1809.5,1304.7,1723.5
"415","Picoxystrobin",0,0,0,0,0,0,0,0,0,0,0,0,0,0,0,0,0,0,0,0,0,217133.8,217931.7
"416","Pinolene",276492.8,338548.5,295463.3,319828.9,277244.8,262380.3,326487.6,204596.4,179890.2,297407.4,109950.1,1890.4,5325.7,6586.4,28512.3,45337.5,18041.8,187.5,12979.5,8900.2,0,5113.4,9566.8
"417","Propazine",59865.9,177494.9,315043.8,238742.9,216392,231461.7,36948.2,76389.8,142107.9,0,0,0,0,0,0,70026,62122.2,114079.2,174294.7,23786.3,28126.6,98478.7,85859.1
"418","Propoxur",352.6,750.9,487.3,0,0,2853.8,0,0.3,0,0,0,0,0,0,0,0,0,0.1,0,13.4,0,0,0.5
"419","Propoxycarbazone",0,0,0,0,0,0,0,0,0,0,0,0,0,30245.4,27682.1,18242,28112.8,13946.7,24973.6,14552.8,21833.6,19721.7,26955.9
"420","Silicates",1032837.8,18868.8,84961,3152.6,2195,802.4,2722.6,4724,3489.4,1664.8,1486.4,1610.7,9328,2278.1,1372.3,6253.5,7572.9,5985.1,983.5,3.6,24,14,0.3
"421","Triasulfuron",8773.7,26818.9,27688.6,30833.6,39082.8,41565.5,32572.7,36091.4,30886.8,40395.2,27253.3,35210.4,27983.7,23360.2,25616,31188.5,28367.4,18004.3,14338.6,29962.7,27362,42720,29857.7
"422","Ammonium Sulfamate",93621.7,0,0,0,0,0,0,1.5,0.1,0,0,0,0,0,0,0,0,0,0,0,0,0,0
"423","Ampelomyces Quisqualis",0,0,0,0.1,1.1,4,14.8,47.5,1.2,68.3,0,0,0.1,0,0,0,0,0,0,0,0,0,0
"424","Bacillus Amyloliquefacien",0,0,0,0,0,0,0,0,0,0,0,0,0,0,0,0,0,0,0,0,376.9,38527.2,443631.5
"425","Barban",12114.3,4518.5,2582.4,3722.3,1286.3,4.8,29.8,13.6,0,0.5,0,5.4,0,0,0,0,0,0,0,0,0,0,0
"426","Bendiocarb",597.2,226.9,49.3,99,10.2,10.2,7.1,4.9,1,0,0,7.5,0.2,0,0,0,0,0,0,0,0,0,0
"427","Bifenox",13493.1,2.7,0,0,0,0,0,0,0,0,0,1.1,0.2,5.1,0,0,0,0,0,0,0,0,0
"428","Burkholderia Cepacia",0,0,0,0,0,49.7,19.6,0,16.8,101.6,0,0,0,0,0,0,0,0,0,0,0,0,1148.6
"429","CPPU",0,0,0,0,0,0,0,0,0,121.5,18.6,63.1,2.4,23.7,32.4,52,46.6,59.4,181.4,44.7,42.7,47.6,44.1
"430","Calcium Chloride",86398.2,10629.5,139793.9,31513.4,176520.3,1911.8,902.8,994.3,1078.4,1270.9,4054.6,0,0,0,0,0,0,0,0,0,0,0,0
"431","Captafol",21862.2,412.9,25778.8,0,0,0,0,0,0,0,0,0,0,0,0,0,0,0,0,0,0,0,0
"432","Carbophenothion",287.9,67.9,9.1,0,0,1,0,0,0,0,0,0,0,0,0,0,0,1.6,21.1,1.7,546.2,0,0
"433","Chloridazon",172990.2,150221,194552.3,215068.8,174372.1,97332.4,130425.6,166220.7,134798.1,99181.7,77104.2,69542,69160,45868.9,37787.9,40022.5,10088.3,4150,48.6,17.4,0,0,0
"434","Chloroxuron",5935.8,412.2,254.4,173.7,141.2,27.5,57.8,17,114.9,7.8,13.6,0,0,2.7,0,0,6.8,0,0,0,0,0,0
"435","Chlorpropham",28559.3,16969.5,1441.7,320.9,22495.1,35.9,124.9,158,160.3,143.4,82.4,111.4,173,90.7,119.1,184.8,1960.2,1874.9,222.3,1402.4,1000.5,12177.8,1993.5
"436","Copper Sulfate Tribasic",307862.4,364365.4,309755.8,295749.4,341456,427510.8,385738.1,331722.4,329613.5,288053.4,397160.3,436362.1,477348,501024.8,531528.5,388534,437917.8,365184.6,513470.2,699653.2,477553.4,465364.1,456608
"437","Cydia Pomonella",0,0,0,145.4,0,0,0,0,0,14,0,1.1,5.5,62.4,93.8,123.9,18.6,11,67.4,32.8,6.7,9.8,18.8
"438","Dalapon",5587.9,17239.5,275.9,0.3,0,0,0,0,0,0,0,0.5,6.8,0,7,0,0.5,1,0,0,0,0,0
"439","Daminozide",911.7,1068.3,802.3,1271.4,757.4,2453.9,1592.6,1777.3,1234.9,1510.8,1766.7,1499.5,1691.6,1457.9,1402.5,1147.1,1049,958.4,2038.4,1469.6,1568.9,1395.4,1335.8
"440","Demeton",2635.9,8191.3,705.1,351.5,186.4,0,0.5,0.1,0,1.2,0,0,0,0.5,0,0.3,0,1.1,0,0,0,0,0
"441","Dienochlor",6152.4,17506.3,3711.5,31907.3,565.3,423.4,445.8,816.4,93.5,46.2,44.3,23.3,24.6,10,9,1.4,1.6,0.7,0,0,0.1,0.5,0.6
"442","Dithiopyr",0,0,0,0,0,0,0,0,0,0,0,0,0,0,0,0,27.9,38.4,157,78.3,135.3,218.3,375.5
"443","Flazasulfuron",0,0,0,0,0,0,0,0,0,0,0,0,0,0,0,0,0,0,0,0,7.4,105.5,0
"444","Flucythrinate",2328.8,0.4,0,102,0,63.7,0,0,0,0,0,0,0,0,0,0,0,0,0,0,0,0,0
"445","Fluridone",0,0,19150,0,0,0,0,0,0,0,0,0,0,0,0,0,0,0,0,0,0.1,0,0
"446","Fosamine",0,14503.8,0,15133.6,4716.1,0,16.3,0.1,0,0,200.9,0,0,0,0,0,0,0,0,0,0,0,0
"447","Gallex",2.5,3.8,2,1.4,4.1,8.5,7.4,9.8,11.3,1.1,0.6,0.4,1.7,0.5,0.1,0.1,0.4,0.1,0.2,0.6,1.4,5.8,0
"448","Gamma Aminobutyric Acid",0,0,0,0,0,0,0,276.3,389.6,223.5,63007.9,3662.3,6679.9,10354.4,1948.3,1128.4,428.1,80.5,53.5,18,59.8,12.6,6.6
"449","Garlic Juice",214.5,367.6,1195.7,1039.8,639,4014.9,39290,3243.4,2435,755.2,511.2,58668.3,78.6,1023.1,40.3,64.3,1546.4,0,174.9,0,0,3.4,61.1
"450","Kinoprene",157.6,139.8,148.1,114.2,90.4,111.9,66.7,58.9,35.6,45.5,51.2,15.9,26.4,18.2,20.4,18.5,21,13.9,23.3,21.5,15.1,42.1,49.3
"451","L-Glutamic Acid",0,0,0,0,0,0,0,276.3,389.6,223.5,63007.9,3662.3,6679.9,10354.4,1948.3,1128.4,428.1,80.5,53.5,18,59.8,12.6,6.6
"452","Methyl Iodide",0,0,0,0,0,0,0,0,0,0,0,0,0,0,0,93795.6,0,320537.8,82916.7,23847,9395.2,0,0
"453","Monocrotophos",17029.5,105.9,0.5,0,0,0,26.5,0,0,0,0,0,0,0,0,0,0,0,0,0,0,0,0
"454","Noruron",34472.8,55.9,358.7,71.6,66.8,64.8,39.9,0,0,0,0,0,0,0,0,0,0,0,0,0,0,0,0
"455","Pirimicarb",0.2,3653.1,11419.9,178.1,1300,0,0,72.6,0,0,0,0,0,0,0,0,7456,0,0,0,0,0,0
"456","Prodiamine",0.8,56.9,185.8,329.7,523.5,882.1,1357.9,936.2,832.3,3353,1444.2,1624.9,1844.4,1257,1426.8,1882.2,1354.6,2860.5,1724.3,1585.3,1725.8,2170.1,1625.7
"457","Profluralin",0,72.2,29435.5,0,0,0,0,0,0,7.2,0.9,0,0,0,0,0,0,0,0,0,0,0,0
"458","Prohexadione",0,0,0,0,0,0,0,0,4233.4,5308.7,6097.6,3282,5724.4,4223,6938.4,5179.8,15109.8,6444.7,4567.2,8563.9,10312.8,14116.9,17833.6
"459","Pseudomonas Fluorescens",0,0,0.1,93.2,27771.1,21337.4,12331.9,1998.8,75.5,3223.2,3583.5,3159,1647.8,457.5,3284.3,1351.4,177.9,439.4,103.4,123.6,116.2,554.4,358.8
"460","Resmethrin",0,0,0,0,0,0,0,0,0,0,0,0,0,0,0,0,0,0.4,0,0,0,1,0
"461","TCA",0,192.3,0,0.2,0,0,0,0,0,0,0,0,0,0,0,0,0.3,0.5,0,0,0,0,0
"462","Terbutryn",206425.4,37153,5729.4,0,0,0,0,1.7,0.2,0,0,0,0,0,0,0,0,0,0,0,0,0,0
"463","Thiacloprid",0,0,0,0,0,0,0,0,0,0,0,0,5107,7501.6,9602.5,6376.3,5535.4,9147.1,9327,8297,5515.6,11300.5,9832
"464","Triflusulfuron",0,0,0,0,6964,10107.2,9965.4,8704.8,8298.7,9078.6,10258.9,7815.9,8803.7,10519.7,8747.5,13723.4,4436.1,741.7,927,1585.9,253.9,151.8,196.7
"465","Uniconazole",0,0,0,0,0,0,0,0,0,0,0,0,0,0,0,0,0.2,0.1,0.1,0.1,0.1,0.7,0.2
"466","Alpha-Cypermethrin",0,0,0,0,0,0,0,0,0,0,0,0,0,0,0,0,0,0,0,0,0,3922.5,26915.4
"467","Hymexazol",0,0,0,0,0,0,0,0,0,0,0,0,0,0,0,0,0,1251.8,2800.4,990.3,1439.7,1056.3,970.8
"468","Asulam",435207.4,164993.1,120933.8,273084.4,154053.5,219866.7,397416.3,653365.1,621565,525704,518186.7,494699.6,337313,163413.3,283710.6,290637.7,106300.5,249572.5,309649.2,234976.5,104662.8,118135,44504.5
"469","Dimethlydisulfide",0,0,0,0,0,0,0,0,0,0,0,0,0,0,0,0,0,0,0,0,1003155,416178.1,487148.4
"470","Isofenphos",689.2,8984.7,0,1544.4,0,0,0,0,0,0,0,0,0,0,0,0,0,0,0,0,0,0,0
"471","Lead Arsenate",22.5,0,0,0,0,0,0,0,0,0,0,0,0,0,0,0,0,0,0,0,0,0,0
"472","Phytophthora Spores",0,0,0,0,0,0,0,0,0,26.9,0,0,0,0,0,0,0,0,0,0,0,0,0
"473","Steinernema Carpocap",0,0,0,0,1657.7,348.2,777,9148,309.6,0,610.2,0,0,0,0,0,0,0,0,0,0,0,0
"474","Steinernema Riobravi",0,0,0,0,0,2499.3,0,3531.5,0,1309.4,6859.1,0,864,0,0,0,0,0,0,0,0,0,0
"475","Tetraoxosulfate",0,0,0,0,0,0,0,0,11636.8,1225,22990.5,29501.5,0,18448.9,0,0,0,0,0,0,0,0,0
"476","DNOC",13325.2,172.6,0,0,0,0,0,0,0,0,0,0,0,0,0,0,0,0,0,0,0,0,0
"477","Diallate",17187.9,0,537.7,0,0,0,0,0,0,0,0,0,0,0,0,0,0,0,0,0,0,0,0
"478","Sulfallate",0,0,23235.9,0,0,0,0,0,0,0,0,0,0,0,0,0,0,0,0,0,0,0,0
"479","Trimethacarb",102888.3,40238.2,82466.2,6851,100620.1,13942.5,0,0,0,0,0,0,0,0,0,0,0,0,0,0,0,0,0
"480","Gentamicin Sulfate",0,0,0,0,0,0,0,0,0,0,0,0,0,0,0,0,173.4,0,0,0,0,0,0
"481","Kasugamycin",0,0,0,0,0,0,0,0,0,0,0,0,0,0,0,0,0,0,0,114.1,0,20.4,50.8
"482","Triazamate",0,0,0,0,0,0,0,423.5,0,0,0,0,0,0,0,0,0,0,0,0,0,0,0
"483","Ethametsulfuron",0,0,0,0,0,0,0,211.3,773.7,144.3,0,119.6,53.6,414.9,0,0,0,0,0,0,0,0,0
"484","Hydroxypropanoic Acid",0,0,0,0,0,1119.4,0,0,395.9,558.6,273.4,405.9,18170.3,0,0,0,0,0,0,0,0,0,0
"485","Fluvalinate",0,0.4,0,0,0,0,0,0,0,0,0,0,0,0,0,0,0,0,0,0,0,0,0
"486","Potassium Carbonate",0,0,0,0,0,84987.2,0,0,0,0,0,0,0,0,0,0,0,0,0,0,0,0,0
"487","1-Methylcyclopropene",0,0,0,0,0,0,0,0,0,0,0,0,0,0,0,0,0,0,0,0,0,124.6,0
